date,open,high,low,close
2000-09-01,273.8999938964844,278.29998779296875,273.8999938964844,277.0
2000-09-08,275.79998779296875,275.79998779296875,273.29998779296875,273.29998779296875
2000-09-15,273.1000061035156,273.1000061035156,272.29998779296875,272.29998779296875
2000-09-22,271.3999938964844,271.8999938964844,269.0,271.79998779296875
2000-09-29,274.1000061035156,278.3999938964844,272.0,273.6000061035156
2000-10-06,272.79998779296875,273.5,269.29998779296875,269.29998779296875
2000-10-13,269.1000061035156,276.3999938964844,269.1000061035156,272.3999938964844
2000-10-20,271.5,271.5,270.1000061035156,271.20001220703125
2000-10-27,271.70001220703125,271.70001220703125,264.3999938964844,264.3999938964844
2000-11-03,264.29998779296875,265.0,263.8999938964844,264.6000061035156
2000-11-10,264.5,265.79998779296875,264.29998779296875,264.5
2000-11-17,264.29998779296875,265.79998779296875,264.29998779296875,265.70001220703125
2000-11-24,266.29998779296875,266.29998779296875,265.70001220703125,266.29998779296875
2000-12-01,270.1000061035156,272.0,265.79998779296875,268.70001220703125
2000-12-08,271.0,276.0,269.8999938964844,272.20001220703125
2000-12-15,270.70001220703125,270.70001220703125,268.0,270.3999938964844
2000-12-22,270.0,274.0,269.0,273.70001220703125
2000-12-29,273.20001220703125,275.20001220703125,271.70001220703125,272.0
2001-01-05,268.3999938964844,268.3999938964844,267.29998779296875,268.0
2001-01-12,268.0,268.0,263.8999938964844,263.8999938964844
2001-01-19,263.29998779296875,264.29998779296875,263.20001220703125,264.29998779296875
2001-01-26,266.3999938964844,266.3999938964844,262.79998779296875,262.79998779296875
2001-02-02,262.79998779296875,268.8999938964844,262.79998779296875,267.1000061035156
2001-02-09,265.1000061035156,265.79998779296875,259.0,259.8999938964844
2001-02-16,262.5,262.5,255.0,258.20001220703125
2001-02-23,256.1000061035156,260.8999938964844,255.0,260.8999938964844
2001-03-02,262.0,267.3999938964844,261.5,262.1000061035156
2001-03-09,262.5,270.79998779296875,259.0,270.79998779296875
2001-03-16,271.6000061035156,271.6000061035156,257.0,258.1000061035156
2001-03-23,259.79998779296875,261.8999938964844,259.79998779296875,261.5
2001-03-30,261.8999938964844,261.8999938964844,256.6000061035156,257.8999938964844
2001-04-06,257.20001220703125,260.5,255.0,260.0
2001-04-13,260.5,261.0,256.5,260.1000061035156
2001-04-20,260.5,265.29998779296875,259.5,264.79998779296875
2001-04-27,263.6000061035156,265.0,262.0,263.8999938964844
2001-05-04,264.0,266.29998779296875,264.0,266.1000061035156
2001-05-11,266.1000061035156,270.0,265.1000061035156,267.8999938964844
2001-05-18,268.29998779296875,287.3999938964844,268.1000061035156,287.3999938964844
2001-05-25,285.3999938964844,285.3999938964844,277.8999938964844,277.8999938964844
2001-06-01,273.79998779296875,275.0,264.20001220703125,266.3999938964844
2001-06-08,266.8999938964844,274.20001220703125,264.5,273.3999938964844
2001-06-15,271.1000061035156,276.0,266.5,271.20001220703125
2001-06-22,272.0,273.6000061035156,271.0,272.29998779296875
2001-06-29,275.0,277.0,269.29998779296875,270.6000061035156
2001-07-06,269.3999938964844,269.3999938964844,263.70001220703125,265.8999938964844
2001-07-13,266.5,268.29998779296875,266.20001220703125,267.1000061035156
2001-07-20,266.8999938964844,270.3999938964844,266.8999938964844,269.8999938964844
2001-07-27,268.79998779296875,269.70001220703125,266.20001220703125,267.3999938964844
2001-08-03,267.29998779296875,268.5,264.1000061035156,267.8999938964844
2001-08-10,267.79998779296875,275.79998779296875,265.8999938964844,273.8999938964844
2001-08-17,275.20001220703125,279.29998779296875,273.20001220703125,279.29998779296875
2001-08-24,277.20001220703125,277.20001220703125,272.5,272.5
2001-08-31,272.5,275.3999938964844,272.29998779296875,274.3999938964844
2001-09-07,271.6000061035156,273.1000061035156,271.6000061035156,273.1000061035156
2001-09-14,271.6000061035156,290.20001220703125,271.6000061035156,290.20001220703125
2001-09-21,289.79998779296875,291.8999938964844,288.1000061035156,291.8999938964844
2001-09-28,289.79998779296875,294.0,289.0,292.3999938964844
2001-10-05,291.79998779296875,292.8999938964844,289.8999938964844,291.3999938964844
2001-10-12,292.0,292.70001220703125,280.5,284.8999938964844
2001-10-19,282.70001220703125,283.3999938964844,279.0,280.1000061035156
2001-10-26,275.5,277.8999938964844,275.5,277.8999938964844
2001-11-02,278.5,281.20001220703125,278.5,279.79998779296875
2001-11-09,278.5,281.0,276.79998779296875,277.3999938964844
2001-11-16,278.29998779296875,278.29998779296875,274.70001220703125,274.70001220703125
2001-11-23,272.70001220703125,273.0,272.70001220703125,272.8999938964844
2001-11-30,272.29998779296875,275.5,272.29998779296875,273.8999938964844
2001-12-07,273.5,277.5,273.0,273.8999938964844
2001-12-14,272.5,278.5,271.20001220703125,278.0
2001-12-21,278.20001220703125,281.29998779296875,275.5,278.0
2001-12-28,278.29998779296875,280.8999938964844,276.5,276.5
2002-01-04,276.79998779296875,278.8999938964844,276.79998779296875,278.8999938964844
2002-01-11,278.6000061035156,287.3999938964844,278.6000061035156,287.3999938964844
2002-01-18,285.3999938964844,287.29998779296875,283.1000061035156,283.1000061035156
2002-01-25,281.5,281.5,278.1000061035156,278.79998779296875
2002-02-01,278.29998779296875,287.5,278.29998779296875,286.0
2002-02-08,286.0,308.0,285.3999938964844,303.5
2002-02-15,303.5,303.5,296.70001220703125,298.3999938964844
2002-02-22,297.0,297.29998779296875,290.79998779296875,293.20001220703125
2002-03-01,292.70001220703125,298.0,291.5,298.0
2002-03-08,296.70001220703125,298.0,290.1000061035156,290.1000061035156
2002-03-15,291.1000061035156,293.6000061035156,289.8999938964844,289.8999938964844
2002-03-22,292.1000061035156,297.29998779296875,292.1000061035156,297.29998779296875
2002-03-29,297.3999938964844,304.5,296.29998779296875,302.6000061035156
2002-04-05,302.6000061035156,306.79998779296875,298.70001220703125,300.1000061035156
2002-04-12,299.0,303.20001220703125,297.70001220703125,302.1000061035156
2002-04-19,303.29998779296875,306.0,297.5,302.29998779296875
2002-04-26,304.1000061035156,312.5,302.79998779296875,311.6000061035156
2002-05-03,311.20001220703125,312.20001220703125,308.29998779296875,312.20001220703125
2002-05-10,311.20001220703125,311.6000061035156,307.5,311.0
2002-05-17,311.0,311.0,306.79998779296875,310.6000061035156
2002-05-24,315.70001220703125,322.5,315.70001220703125,320.3999938964844
2002-05-31,323.8999938964844,329.0,323.5,326.5
2002-06-07,326.6000061035156,330.29998779296875,320.1000061035156,324.6000061035156
2002-06-14,323.0,323.8999938964844,316.0,319.1000061035156
2002-06-21,318.0,325.20001220703125,317.0,324.6000061035156
2002-06-28,326.5,327.29998779296875,313.5,313.5
2002-07-05,314.0,315.29998779296875,310.8999938964844,310.8999938964844
2002-07-12,313.29998779296875,317.20001220703125,312.1000061035156,315.6000061035156
2002-07-19,320.5,323.8999938964844,317.0,323.8999938964844
2002-07-26,323.6000061035156,323.6000061035156,303.3999938964844,303.3999938964844
2002-08-02,302.5,307.8999938964844,298.0,307.0
2002-08-09,307.5,315.5,304.79998779296875,314.20001220703125
2002-08-16,313.79998779296875,318.0,311.0,313.70001220703125
2002-08-23,313.1000061035156,313.1000061035156,304.8999938964844,306.70001220703125
2002-08-30,310.5,312.8999938964844,308.5,312.3999938964844
2002-09-06,312.5,320.0,312.5,319.8999938964844
2002-09-13,321.29998779296875,321.29998779296875,316.6000061035156,316.6000061035156
2002-09-20,317.1000061035156,322.6000061035156,317.0,321.8999938964844
2002-09-27,323.0,325.8999938964844,319.0,319.70001220703125
2002-10-04,320.70001220703125,324.20001220703125,319.6000061035156,322.1000061035156
2002-10-11,322.0,322.20001220703125,316.29998779296875,316.29998779296875
2002-10-18,318.0,318.0,311.5,312.70001220703125
2002-10-25,310.8999938964844,314.0,309.79998779296875,313.3999938964844
2002-11-01,314.0,318.79998779296875,314.0,318.79998779296875
2002-11-08,318.29998779296875,321.5,317.5,321.29998779296875
2002-11-15,321.20001220703125,324.5,317.5,320.70001220703125
2002-11-22,319.20001220703125,320.70001220703125,317.20001220703125,320.70001220703125
2002-11-29,316.5,318.8999938964844,316.5,316.79998779296875
2002-12-06,318.1000061035156,328.0,315.5,326.29998779296875
2002-12-13,325.70001220703125,336.0,323.0,333.20001220703125
2002-12-20,334.0,349.20001220703125,332.5,340.5
2002-12-27,344.5,350.5,342.0,349.20001220703125
2003-01-03,350.3999938964844,351.20001220703125,341.0,351.20001220703125
2003-01-10,351.70001220703125,354.5,346.29998779296875,354.5
2003-01-17,352.0,357.70001220703125,350.0,356.6000061035156
2003-01-24,357.29998779296875,368.2000122070313,356.20001220703125,368.2000122070313
2003-01-31,371.0,372.0,362.6000061035156,368.2999877929687
2003-02-07,368.0,388.8999938964844,367.5,369.8999938964844
2003-02-14,370.3999938964844,372.0,349.0,351.8999938964844
2003-02-21,347.79998779296875,355.0,342.0,351.79998779296875
2003-02-28,353.8999938964844,359.0,346.1000061035156,350.20001220703125
2003-03-07,349.20001220703125,356.79998779296875,349.20001220703125,350.79998779296875
2003-03-14,354.70001220703125,354.70001220703125,335.8999938964844,336.5
2003-03-21,343.0,343.0,326.0,326.0
2003-03-28,329.5,331.5,328.3999938964844,328.70001220703125
2003-04-04,331.6000061035156,338.3999938964844,323.0,325.29998779296875
2003-04-11,321.0,327.8999938964844,319.29998779296875,327.8999938964844
2003-04-18,325.6000061035156,328.29998779296875,322.5,327.20001220703125
2003-04-25,329.70001220703125,336.5,329.5,333.3999938964844
2003-05-02,335.0,342.20001220703125,333.0,341.0
2003-05-09,342.29998779296875,348.20001220703125,342.1000061035156,348.6000061035156
2003-05-16,351.6000061035156,352.70001220703125,350.0,354.70001220703125
2003-05-23,364.2000122070313,368.7999877929687,364.2000122070313,368.7999877929687
2003-05-30,367.7999877929687,370.0,358.6000061035156,364.5
2003-06-06,360.0,370.0,360.0,363.7000122070313
2003-06-13,362.7999877929687,366.1000061035156,351.0,356.6000061035156
2003-06-20,359.1000061035156,365.0,356.0,356.29998779296875
2003-06-27,355.8999938964844,357.29998779296875,343.3999938964844,345.20001220703125
2003-07-04,345.29998779296875,351.3999938964844,345.29998779296875,351.0
2003-07-11,351.0,351.0,343.6000061035156,344.79998779296875
2003-07-18,344.5,347.70001220703125,342.1000061035156,347.20001220703125
2003-07-25,350.8999938964844,362.7000122070313,350.6000061035156,362.7000122070313
2003-08-01,362.7000122070313,364.7999877929687,346.0,346.1000061035156
2003-08-08,346.5,357.5,346.29998779296875,356.29998779296875
2003-08-15,359.6000061035156,366.0,357.20001220703125,363.2000122070313
2003-08-22,360.0,367.0,357.0,363.1000061035156
2003-08-29,364.0,375.0,361.0,375.7000122070313
2003-09-05,375.0,377.6000061035156,372.8999938964844,377.6000061035156
2003-09-12,375.1000061035156,381.7000122070313,375.1000061035156,375.7999877929687
2003-09-19,375.3999938964844,381.7999877929687,373.5,381.7999877929687
2003-09-26,387.2000122070313,387.5,380.7999877929687,380.7999877929687
2003-10-03,381.0,388.7000122070313,368.0,369.3999938964844
2003-10-10,371.5,377.7999877929687,369.0,373.6000061035156
2003-10-17,371.2999877929687,375.7999877929687,369.5,371.7999877929687
2003-10-24,373.5,394.0,373.0,388.8999938964844
2003-10-31,387.7999877929687,389.0,380.7999877929687,384.5
2003-11-07,382.7999877929687,383.2999877929687,377.0,383.2999877929687
2003-11-14,386.6000061035156,397.7999877929687,386.6000061035156,397.7999877929687
2003-11-21,397.6000061035156,398.0,393.7000122070313,396.0
2003-11-28,391.5,402.0,389.5,396.7999877929687
2003-12-05,397.2000122070313,406.7999877929687,397.0,406.3999938964844
2003-12-12,409.0,412.0,402.7000122070313,409.3999938964844
2003-12-19,401.6000061035156,413.2000122070313,401.6000061035156,409.2000122070313
2003-12-26,409.6000061035156,413.2000122070313,409.6000061035156,412.2999877929687
2004-01-02,414.1000061035156,417.2000122070313,413.0,415.7000122070313
2004-01-09,415.7000122070313,424.2999877929687,422.0,426.3999938964844
2004-01-16,425.7999877929687,428.2000122070313,408.2999877929687,406.7000122070313
2004-01-23,406.7000122070313,412.6000061035156,406.7000122070313,407.8999938964844
2004-01-30,406.6000061035156,414.5,396.5,402.2000122070313
2004-02-06,403.0,407.0,394.0,403.6000061035156
2004-02-13,403.7999877929687,416.0,403.7999877929687,410.2999877929687
2004-02-20,414.0,415.3999938964844,395.0,397.5
2004-02-27,399.0,404.7999877929687,395.0,396.3999938964844
2004-03-05,396.3999938964844,401.0,391.1000061035156,401.2999877929687
2004-03-12,399.5,402.3999938964844,395.2999877929687,395.2999877929687
2004-03-19,399.3999938964844,412.0,399.3999938964844,412.5
2004-03-26,417.3999938964844,422.0,416.0,422.1000061035156
2004-04-02,422.1000061035156,432.0,416.5,421.6000061035156
2004-04-09,421.6000061035156,423.6000061035156,414.0,419.8999938964844
2004-04-16,421.1000061035156,422.1000061035156,396.5,401.0
2004-04-23,404.6000061035156,404.6000061035156,390.0,395.1000061035156
2004-04-30,396.5,399.0,380.0,387.0
2004-05-07,387.0,392.0,377.0,378.7000122070313
2004-05-14,378.6000061035156,378.6000061035156,376.8999938964844,377.0
2004-05-21,379.5,384.7999877929687,375.7999877929687,384.7999877929687
2004-05-28,385.6000061035156,396.2999877929687,385.6000061035156,394.0
2004-06-04,393.8999938964844,399.0,385.5,390.8999938964844
2004-06-11,392.6000061035156,395.0,383.0,385.8999938964844
2004-06-18,383.6000061035156,396.3999938964844,383.0,395.1000061035156
2004-06-25,394.6000061035156,403.7000122070313,393.2000122070313,402.8999938964844
2004-07-02,403.0,405.0,394.2999877929687,398.2999877929687
2004-07-09,398.2999877929687,407.8999938964844,393.0,407.5
2004-07-16,407.5,408.1000061035156,402.0,406.6000061035156
2004-07-23,406.6000061035156,406.6000061035156,391.0,390.5
2004-07-30,389.8999938964844,392.0,385.0,391.0
2004-08-06,394.0,401.5,388.7999877929687,399.7999877929687
2004-08-13,399.1000061035156,401.2999877929687,393.2999877929687,398.8999938964844
2004-08-20,399.0,412.7999877929687,399.0,413.2000122070313
2004-08-27,411.2999877929687,411.7999877929687,403.0,403.2999877929687
2004-09-03,407.0,410.3999938964844,400.5,400.5
2004-09-10,398.0,402.0,396.7999877929687,401.8999938964844
2004-09-17,404.1000061035156,405.7999877929687,404.0,405.7999877929687
2004-09-24,403.6000061035156,410.8999938964844,403.6000061035156,408.1000061035156
2004-10-01,409.1000061035156,419.1000061035156,409.1000061035156,419.5
2004-10-08,419.0,425.0,411.5,423.1000061035156
2004-10-15,422.2000122070313,422.2000122070313,410.2999877929687,418.7000122070313
2004-10-22,419.0,425.1000061035156,417.1000061035156,424.6000061035156
2004-10-29,429.0,430.0,423.5,428.5
2004-11-05,427.2999877929687,433.6000061035156,424.6000061035156,433.6000061035156
2004-11-12,432.7000122070313,437.8999938964844,432.7000122070313,437.8999938964844
2004-11-19,437.0,446.7999877929687,437.0,446.7999877929687
2004-11-26,446.8999938964844,449.2999877929687,446.8999938964844,449.2999877929687
2004-12-03,450.7999877929687,456.5,447.0,456.0
2004-12-10,454.3999938964844,456.1000061035156,432.6000061035156,433.8999938964844
2004-12-17,437.0,442.6000061035156,435.3999938964844,441.6000061035156
2004-12-24,442.5,444.0,439.0,441.8999938964844
2004-12-31,444.0,445.8999938964844,438.8999938964844,437.5
2005-01-07,431.0,431.0,418.7000122070313,418.8999938964844
2005-01-14,419.1000061035156,424.7000122070313,419.1000061035156,422.7000122070313
2005-01-21,423.2000122070313,426.5,421.7999877929687,426.7000122070313
2005-01-28,426.8999938964844,427.5,422.0,425.7999877929687
2005-02-04,426.0,426.5,413.7000122070313,414.0
2005-02-11,414.1000061035156,422.0,410.1000061035156,420.5
2005-02-18,420.0,428.0,422.2999877929687,427.1000061035156
2005-02-25,426.5,436.0,426.5,434.8999938964844
2005-03-04,435.5,435.5,429.8999938964844,434.2000122070313
2005-03-11,435.0,446.3999938964844,435.0,446.2000122070313
2005-03-18,441.1000061035156,443.7000122070313,438.7000122070313,439.2999877929687
2005-03-25,431.1000061035156,431.2999877929687,424.7000122070313,424.7000122070313
2005-04-01,425.8999938964844,428.7000122070313,424.5,425.8999938964844
2005-04-08,426.0,428.5,422.7000122070313,426.8999938964844
2005-04-15,426.0,430.2000122070313,423.2000122070313,424.8999938964844
2005-04-22,423.6000061035156,435.7999877929687,423.6000061035156,434.2999877929687
2005-04-29,432.7000122070313,438.2000122070313,432.7000122070313,435.0
2005-05-06,429.5,429.7999877929687,426.7000122070313,426.1000061035156
2005-05-13,426.2000122070313,427.2000122070313,420.2000122070313,420.2000122070313
2005-05-20,418.8999938964844,421.5,416.5,417.3999938964844
2005-05-27,416.6000061035156,420.0,416.6000061035156,419.7999877929687
2005-06-03,418.0,425.5,413.2000122070313,423.7000122070313
2005-06-10,423.6000061035156,428.5,422.0,427.3999938964844
2005-06-17,428.2999877929687,439.2999877929687,426.5,438.2999877929687
2005-06-24,440.0,442.5,437.5,440.5
2005-07-01,440.7000122070313,440.7000122070313,427.7999877929687,427.7999877929687
2005-07-08,422.8999938964844,423.7999877929687,422.8999938964844,422.8999938964844
2005-07-15,425.5,426.2999877929687,419.6000061035156,420.7000122070313
2005-07-22,420.3999938964844,425.3999938964844,419.7000122070313,424.7000122070313
2005-07-29,425.7000122070313,430.5,423.3999938964844,429.8999938964844
2005-08-05,430.0,439.0,429.1000061035156,437.2000122070313
2005-08-12,437.0,449.5,432.5,445.8999938964844
2005-08-19,441.3999938964844,443.2999877929687,438.0,437.2000122070313
2005-08-26,437.0,439.7000122070313,437.0,437.3999938964844
2005-09-02,438.5,444.2000122070313,431.2000122070313,444.2000122070313
2005-09-09,444.3999938964844,449.0,444.3999938964844,449.0
2005-09-16,449.7000122070313,459.5,446.1000061035156,459.5
2005-09-23,466.7000122070313,468.8999938964844,466.2000122070313,463.5
2005-09-30,463.8999938964844,474.0,462.6000061035156,469.0
2005-10-07,467.7999877929687,475.5,463.5,474.7000122070313
2005-10-14,474.7999877929687,478.5,467.0,469.2000122070313
2005-10-21,473.0,475.0,460.5,467.0
2005-10-28,465.5,475.5,465.0,473.0
2005-11-04,471.1000061035156,471.1000061035156,455.2999877929687,456.2999877929687
2005-11-11,459.0,468.2999877929687,458.5,468.2999877929687
2005-11-18,468.2999877929687,486.0,468.1000061035156,485.6000061035156
2005-11-25,485.6000061035156,492.6000061035156,485.6000061035156,492.1000061035156
2005-12-02,502.2000122070313,507.0,490.5,503.2999877929687
2005-12-09,504.5,531.0,503.5,527.0
2005-12-16,526.5,538.5,495.2000122070313,503.3999938964844
2005-12-23,509.5,509.5,490.1000061035156,503.0
2005-12-30,508.7000122070313,517.2999877929688,506.0,517.0999755859375
2006-01-06,518.5999755859375,539.7000122070312,518.5999755859375,539.7000122070312
2006-01-13,539.7000122070312,548.7999877929688,539.7000122070312,556.0999755859375
2006-01-20,553.4000244140625,558.4000244140625,543.7000122070312,553.5
2006-01-27,555.0,562.2000122070312,555.0,558.7000122070312
2006-02-03,559.2000122070312,575.2999877929688,557.5999755859375,567.4000244140625
2006-02-10,568.4000244140625,574.0,545.5,550.2000122070312
2006-02-17,548.5,552.5,535.5,551.7999877929688
2006-02-24,550.5,560.0,547.5,558.7999877929688
2006-03-03,556.0999755859375,569.7999877929688,552.5,566.0
2006-03-10,554.7999877929688,554.7999877929688,539.9000244140625,539.9000244140625
2006-03-17,541.0,554.4000244140625,541.0,554.0999755859375
2006-03-24,555.2000122070312,560.0,550.0999755859375,560.0
2006-03-31,567.0,589.5999755859375,566.5999755859375,581.7999877929688
2006-04-07,582.0,598.2999877929688,582.0,588.4000244140625
2006-04-14,589.0,604.0,589.0,596.5
2006-04-21,605.0,642.0,605.0,632.2000122070312
2006-04-28,634.0,651.7999877929688,620.0,651.7999877929688
2006-05-05,658.0,682.2000122070312,658.0,682.2000122070312
2006-05-12,679.0,723.0,679.0,710.2999877929688
2006-05-19,710.2999877929688,710.2999877929688,679.5999755859375,656.7000122070312
2006-05-26,656.5,673.0,637.0,650.9000244140625
2006-06-02,650.7000122070312,664.5,620.0,635.5
2006-06-09,635.5,645.0,606.9000244140625,608.2000122070312
2006-06-16,606.0,610.0,555.0,578.0
2006-06-23,568.7999877929688,588.0,568.0,584.7999877929688
2006-06-30,583.0,614.5,580.0,613.5
2006-07-07,631.0,634.2999877929688,624.0,632.7999877929688
2006-07-14,632.7999877929688,666.5999755859375,632.7999877929688,666.5999755859375
2006-07-21,675.0999755859375,677.0,628.2999877929688,619.5999755859375
2006-07-28,619.5999755859375,636.5999755859375,612.7000122070312,634.7999877929688
2006-08-04,634.5,656.0,627.0,644.0
2006-08-11,651.2000122070312,654.5,626.0,633.5
2006-08-18,629.9000244140625,631.0,609.0,612.0999755859375
2006-08-25,613.5999755859375,628.0,613.5999755859375,622.0
2006-09-01,621.7000122070312,625.9000244140625,610.5,624.4000244140625
2006-09-08,624.4000244140625,638.5,609.5999755859375,609.5999755859375
2006-09-15,590.0,591.0,576.4000244140625,576.4000244140625
2006-09-22,586.2000122070312,589.4000244140625,576.7999877929688,589.4000244140625
2006-09-29,589.9000244140625,606.2000122070312,589.9000244140625,598.5999755859375
2006-10-06,598.9000244140625,604.0,560.5,572.4000244140625
2006-10-13,578.0,585.5,568.0,588.7999877929688
2006-10-20,593.5,598.5,588.5,593.0
2006-10-27,579.7000122070312,598.2000122070312,576.5,598.2000122070312
2006-11-03,608.5,626.9000244140625,604.0999755859375,626.9000244140625
2006-11-10,625.7999877929688,628.4000244140625,616.4000244140625,628.4000244140625
2006-11-17,629.0,629.0,617.5,621.5
2006-11-24,621.5,628.7000122070312,621.5,628.7000122070312
2006-12-01,637.2000122070312,649.7000122070312,634.5,644.7000122070312
2006-12-08,647.0999755859375,648.0,625.0,626.0999755859375
2006-12-15,623.0,632.5,613.0,615.0
2006-12-22,614.0,622.7000122070312,612.0,619.0999755859375
2006-12-29,625.0999755859375,635.2000122070312,623.0,635.2000122070312
2007-01-05,635.2000122070312,640.4000244140625,617.2999877929688,604.9000244140625
2007-01-12,607.5,616.2000122070312,607.0,625.5
2007-01-19,623.5999755859375,633.5,623.5999755859375,635.5
2007-01-26,633.2999877929688,647.7999877929688,633.2999877929688,644.5
2007-02-02,643.0999755859375,661.5,640.7999877929688,646.2000122070312
2007-02-09,649.0,669.5,647.0,667.5
2007-02-16,664.2999877929688,672.0,661.0,668.7999877929688
2007-02-23,671.0,685.2999877929688,657.5,683.0999755859375
2007-03-02,684.5999755859375,687.7000122070312,641.5,641.5
2007-03-09,640.2000122070312,653.4000244140625,640.0,650.0
2007-03-16,648.0,652.9000244140625,640.9000244140625,652.5999755859375
2007-03-23,653.0999755859375,663.4000244140625,653.0999755859375,656.7000122070312
2007-03-30,663.4000244140625,667.7000122070312,654.5999755859375,663.0
2007-04-06,665.5,676.0,656.0999755859375,674.2000122070312
2007-04-13,671.0999755859375,683.5999755859375,671.0999755859375,685.4000244140625
2007-04-20,685.0999755859375,692.5,681.9000244140625,692.0
2007-04-27,689.0,691.2999877929688,673.0,678.7000122070312
2007-05-04,677.4000244140625,687.2000122070312,672.2999877929688,687.2000122070312
2007-05-11,688.0,688.0,651.0,670.5999755859375
2007-05-18,668.5,673.0,656.2000122070312,661.0
2007-05-25,660.7000122070312,661.9000244140625,654.0,655.0999755859375
2007-06-01,657.0999755859375,672.0,651.5,671.2000122070312
2007-06-08,671.2000122070312,674.0,645.2000122070312,645.5
2007-06-15,649.2000122070312,655.2000122070312,644.2999877929688,654.5
2007-06-22,657.9000244140625,660.7999877929688,648.5999755859375,653.5
2007-06-29,650.0,650.5,640.0,648.0999755859375
2007-07-06,656.7999877929688,656.7999877929688,648.4000244140625,652.7000122070312
2007-07-13,660.5,666.7000122070312,660.2999877929688,665.7999877929688
2007-07-20,667.0999755859375,683.9000244140625,664.7000122070312,683.9000244140625
2007-07-27,680.7999877929688,684.2000122070312,660.0,660.0
2007-08-03,659.9000244140625,674.4000244140625,658.5,672.5
2007-08-10,672.0999755859375,676.2000122070312,659.5,670.2999877929688
2007-08-17,669.9000244140625,671.0,642.9000244140625,656.9000244140625
2007-08-24,658.5999755859375,668.7999877929688,657.5,668.0
2007-08-31,667.9000244140625,672.7999877929688,664.2000122070312,673.0
2007-09-07,682.5,700.7999877929688,678.5999755859375,700.7999877929688
2007-09-14,704.5,717.2000122070312,702.0,709.5999755859375
2007-09-21,719.0999755859375,732.4000244140625,715.7999877929688,731.4000244140625
2007-09-28,732.0999755859375,745.7000122070312,727.4000244140625,742.7999877929688
2007-10-05,745.0999755859375,747.4000244140625,724.2999877929688,741.2999877929688
2007-10-12,735.2000122070312,750.4000244140625,732.4000244140625,748.7000122070312
2007-10-19,758.0,765.7999877929688,756.0999755859375,764.0
2007-10-26,766.7000122070312,783.4000244140625,751.9000244140625,783.9000244140625
2007-11-02,793.7999877929688,806.5,780.7000122070312,805.7000122070312
2007-11-09,804.5999755859375,841.2999877929688,804.2000122070312,832.5
2007-11-16,803.9000244140625,817.0,785.7000122070312,785.7000122070312
2007-11-23,777.5999755859375,824.0,777.5999755859375,824.0
2007-11-30,826.0,826.0,778.4000244140625,782.2000122070312
2007-12-07,783.9000244140625,805.0,777.0,794.4000244140625
2007-12-14,799.2999877929688,815.9000244140625,789.5999755859375,793.2999877929688
2007-12-21,793.5,812.5,788.4000244140625,811.5999755859375
2007-12-28,811.5,840.2000122070312,809.7999877929688,839.5999755859375
2008-01-04,843.2000122070312,865.5,843.2000122070312,863.0999755859375
2008-01-11,860.9000244140625,899.7000122070312,857.4000244140625,896.0999755859375
2008-01-18,907.2999877929688,907.2999877929688,871.0,880.7999877929688
2008-01-25,878.7000122070312,910.5,863.2000122070312,910.5
2008-02-01,916.5999755859376,936.2999877929688,903.7000122070312,908.7000122070312
2008-02-08,903.7000122070312,920.0,884.7000122070312,918.4000244140624
2008-02-15,920.7000122070312,926.9000244140624,897.2000122070312,902.7999877929688
2008-02-22,904.2999877929688,953.4000244140624,900.5,944.7000122070312
2008-02-29,946.5,973.0999755859376,931.2999877929688,972.0999755859376
2008-03-07,984.2000122070312,992.7000122070312,963.7999877929688,972.2000122070312
2008-03-14,975.5,1004.5999755859376,964.7000122070312,998.2000122070312
2008-03-21,1005.0,1014.5999755859376,917.7000122070312,919.5999755859376
2008-03-28,915.5,951.7000122070312,915.2000122070312,930.5999755859376
2008-04-04,931.0,940.0999755859376,871.7999877929688,909.0
2008-04-11,915.2999877929688,939.2000122070312,904.0999755859376,923.5999755859376
2008-04-18,917.0,948.7000122070312,907.2000122070312,912.2000122070312
2008-04-25,922.5,924.5999755859376,878.0999755859375,887.2000122070312
2008-05-02,887.0,893.7999877929688,849.5999755859375,856.0999755859375
2008-05-09,861.2000122070312,884.7000122070312,861.2000122070312,884.5
2008-05-16,879.2000122070312,904.2000122070312,862.7999877929688,899.0
2008-05-23,905.0,925.5999755859376,905.0,925.5999755859376
2008-05-30,912.0,912.0,868.5999755859375,887.2999877929688
2008-06-06,887.2999877929688,901.0,865.4000244140625,895.4000244140625
2008-06-13,900.7000122070312,908.9000244140624,858.2000122070312,870.2999877929688
2008-06-20,872.5,907.2999877929688,871.2999877929688,901.2999877929688
2008-06-27,903.4000244140624,927.5999755859376,876.4000244140625,929.2999877929688
2008-07-04,927.7000122070312,945.7999877929688,922.2999877929688,931.9000244140624
2008-07-11,931.4000244140624,965.7000122070312,915.4000244140624,959.5
2008-07-18,964.7000122070312,986.2000122070312,955.0,957.2999877929688
2008-07-25,964.5,974.9000244140624,920.9000244140624,926.5999755859376
2008-08-01,928.7999877929688,931.0999755859376,893.2999877929688,909.0
2008-08-08,912.7000122070312,915.2999877929688,851.0999755859375,857.7999877929688
2008-08-15,858.2999877929688,863.4000244140625,780.9000244140625,786.0
2008-08-22,792.0,836.5999755859375,789.5999755859375,827.4000244140625
2008-08-29,819.7999877929688,842.5999755859375,819.7999877929688,829.2999877929688
2008-09-05,829.9000244140625,840.7000122070312,790.7999877929688,797.5999755859375
2008-09-12,811.0,813.2000122070312,739.0,760.2999877929688
2008-09-19,778.0999755859375,910.9000244140624,764.0,860.5999755859375
2008-09-26,888.7999877929688,908.0999755859376,879.5,882.9000244140625
2008-10-03,871.2999877929688,919.0,823.0,828.9000244140625
2008-10-10,828.7999877929688,925.7000122070312,826.0,855.4000244140625
2008-10-17,861.0999755859375,861.0999755859375,773.7999877929688,785.0999755859375
2008-10-24,803.7999877929688,803.7999877929688,681.0,729.0999755859375
2008-10-31,742.7999877929688,774.0,712.0,716.7999877929688
2008-11-07,728.7999877929688,760.0,726.0,733.2000122070312
2008-11-14,749.0,753.5999755859375,707.0,742.4000244140625
2008-11-21,741.9000244140625,784.0999755859375,734.0,791.7000122070312
2008-11-28,819.9000244140625,824.0,806.7999877929688,816.2000122070312
2008-12-05,817.2000122070312,817.2999877929688,740.0,750.5
2008-12-12,755.0,832.0999755859375,754.2000122070312,818.9000244140625
2008-12-19,828.0,880.7999877929688,824.0,836.4000244140625
2008-12-26,848.5,872.4000244140625,835.0,870.4000244140625
2009-01-02,882.9000244140625,883.5999755859375,858.4000244140625,878.7999877929688
2009-01-09,882.0,883.5,837.7000122070312,854.2999877929688
2009-01-16,844.4000244140625,844.4000244140625,805.5999755859375,839.2999877929688
2009-01-23,838.7000122070312,899.0999755859375,824.0,895.2999877929688
2009-01-30,907.2999877929688,930.2999877929688,874.2000122070312,927.2999877929688
2009-02-06,924.2999877929688,928.7999877929688,889.7999877929688,913.9000244140624
2009-02-13,910.0,952.7999877929688,891.7999877929688,941.5
2009-02-20,939.5,1004.9000244140624,937.2999877929688,1001.7999877929688
2009-02-27,995.5999755859376,996.5,928.0999755859376,941.5
2009-03-06,945.0,963.2000122070312,900.0999755859375,942.0999755859376
2009-03-13,940.5,940.5,892.0999755859375,929.7999877929688
2009-03-20,926.4000244140624,960.7999877929688,885.0,955.7999877929688
2009-03-27,950.7000122070312,952.5999755859376,920.7999877929688,923.0
2009-04-03,924.5999755859376,932.5,891.2999877929688,895.5999755859375
2009-04-10,895.0,895.0,865.0999755859375,882.2000122070312
2009-04-17,882.5,899.4000244140625,865.0,867.4000244140625
2009-04-24,868.7999877929688,913.5999755859376,866.0999755859375,913.5999755859376
2009-05-01,918.0,918.0,881.2999877929688,887.5999755859375
2009-05-08,885.7999877929688,924.0,885.7999877929688,914.4000244140624
2009-05-15,913.0999755859376,931.5999755859376,913.0999755859376,930.9000244140624
2009-05-22,929.5999755859376,958.7000122070312,918.7000122070312,958.5
2009-05-29,953.0,980.4000244140624,944.0,978.7999877929688
2009-06-05,978.7999877929688,990.2999877929688,954.0,961.7000122070312
2009-06-12,958.0,966.0,935.7999877929688,940.0999755859376
2009-06-19,938.5,942.0,926.9000244140624,935.5999755859376
2009-06-26,925.0,946.0,917.2999877929688,940.7000122070312
2009-07-03,940.2000122070312,944.2000122070312,925.2999877929688,930.7000122070312
2009-07-10,933.5,933.5,905.5999755859376,912.2000122070312
2009-07-17,911.5,941.0,908.4000244140624,937.2000122070312
2009-07-24,954.0999755859376,954.5,945.7999877929688,952.7999877929688
2009-07-31,955.0999755859376,958.0999755859376,927.2000122070312,953.7000122070312
2009-08-07,952.5999755859376,971.0999755859376,950.7999877929688,957.2999877929688
2009-08-14,955.0,960.0999755859376,942.0999755859376,947.0
2009-08-21,947.4000244140624,957.5999755859376,931.5,953.2000122070312
2009-08-28,953.5,962.2000122070312,940.2999877929688,957.0
2009-09-04,959.5,995.7999877929688,944.7999877929688,994.9000244140624
2009-09-11,993.5,1011.9000244140624,987.2999877929688,1004.9000244140624
2009-09-18,1002.9000244140624,1019.7999877929688,994.9000244140624,1009.2000122070312
2009-09-25,1003.7000122070312,1019.4000244140624,986.7000122070312,990.2000122070312
2009-10-02,993.2000122070312,1009.0,984.7000122070312,1003.2000122070312
2009-10-09,1004.0999755859376,1060.4000244140625,1003.0,1047.800048828125
2009-10-16,1049.0,1070.199951171875,1043.699951171875,1050.699951171875
2009-10-23,1053.5999755859375,1066.199951171875,1047.5,1055.5999755859375
2009-10-30,1055.5999755859375,1055.5999755859375,1028.0,1039.699951171875
2009-11-06,1053.4000244140625,1100.0,1043.5,1095.0999755859375
2009-11-13,1098.5999755859375,1121.300048828125,1098.199951171875,1116.0999755859375
2009-11-20,1138.5999755859375,1149.4000244140625,1127.199951171875,1146.4000244140625
2009-11-27,1164.300048828125,1195.0,1130.0999755859375,1174.199951171875
2009-12-04,1179.9000244140625,1226.4000244140625,1147.0,1168.800048828125
2009-12-11,1157.5999755859375,1169.300048828125,1110.800048828125,1119.4000244140625
2009-12-18,1123.300048828125,1141.5,1095.699951171875,1110.800048828125
2009-12-25,1095.4000244140625,1119.199951171875,1075.0,1104.0999755859375
2010-01-01,1107.199951171875,1111.9000244140625,1086.0,1095.199951171875
2010-01-08,1117.699951171875,1139.199951171875,1097.0999755859375,1138.199951171875
2010-01-15,1150.699951171875,1161.199951171875,1121.0,1130.0999755859375
2010-01-22,1139.699951171875,1139.699951171875,1083.0,1089.199951171875
2010-01-29,1095.199951171875,1097.9000244140625,1073.199951171875,1083.0
2010-02-05,1081.0,1124.9000244140625,1045.199951171875,1052.199951171875
2010-02-12,1065.699951171875,1097.0999755859375,1061.5999755859375,1089.5
2010-02-19,1119.300048828125,1127.0,1092.4000244140625,1121.300048828125
2010-02-26,1112.5999755859375,1127.4000244140625,1088.699951171875,1118.300048828125
2010-03-05,1119.300048828125,1145.0,1113.5999755859375,1134.800048828125
2010-03-12,1123.5999755859375,1127.0999755859375,1099.9000244140625,1101.5
2010-03-19,1105.0999755859375,1131.4000244140625,1101.4000244140625,1107.4000244140625
2010-03-26,1099.300048828125,1104.199951171875,1085.5,1104.199951171875
2010-04-02,1110.300048828125,1127.699951171875,1101.0999755859375,1125.0999755859375
2010-04-09,1122.300048828125,1164.800048828125,1119.9000244140625,1161.0999755859375
2010-04-16,1161.5999755859375,1169.0,1130.4000244140625,1136.300048828125
2010-04-23,1135.199951171875,1153.0999755859375,1124.0,1153.0999755859375
2010-04-30,1160.0999755859375,1181.300048828125,1148.5999755859375,1180.0999755859375
2010-05-07,1178.5999755859375,1210.800048828125,1159.199951171875,1210.0
2010-05-14,1200.4000244140625,1246.5,1189.199951171875,1227.4000244140625
2010-05-21,1233.300048828125,1235.9000244140625,1175.699951171875,1175.699951171875
2010-05-28,1193.800048828125,1218.5,1193.800048828125,1212.199951171875
2010-06-04,1224.800048828125,1228.199951171875,1196.9000244140625,1216.199951171875
2010-06-11,1239.300048828125,1252.0999755859375,1211.0,1228.9000244140625
2010-06-18,1223.199951171875,1261.5,1217.699951171875,1257.199951171875
2010-06-25,1257.4000244140625,1264.800048828125,1226.9000244140625,1255.800048828125
2010-07-02,1238.199951171875,1246.199951171875,1200.800048828125,1207.4000244140625
2010-07-09,1207.300048828125,1213.0,1189.300048828125,1209.5999755859375
2010-07-16,1198.5,1217.4000244140625,1188.0,1188.0
2010-07-23,1181.699951171875,1198.5999755859375,1180.0,1187.699951171875
2010-07-30,1183.0,1183.0999755859375,1158.0,1181.699951171875
2010-08-06,1183.4000244140625,1211.0,1174.699951171875,1203.4000244140625
2010-08-13,1205.800048828125,1215.5,1191.0,1214.9000244140625
2010-08-20,1224.5,1237.5999755859375,1218.0,1227.199951171875
2010-08-27,1226.9000244140625,1243.300048828125,1211.5,1236.0
2010-09-03,1237.0999755859375,1254.300048828125,1233.0,1249.199951171875
2010-09-10,1257.300048828125,1260.199951171875,1244.0999755859375,1244.5
2010-09-17,1245.0999755859375,1279.5999755859375,1245.0999755859375,1275.5999755859375
2010-09-24,1279.0,1297.4000244140625,1271.800048828125,1296.0
2010-10-01,1296.699951171875,1320.0,1287.5,1316.0999755859375
2010-10-08,1318.300048828125,1363.0,1312.0,1344.199951171875
2010-10-15,1346.699951171875,1383.9000244140625,1343.5999755859375,1371.0999755859375
2010-10-22,1358.0,1372.5999755859375,1317.5,1324.4000244140625
2010-10-29,1333.5999755859375,1358.699951171875,1321.0999755859375,1357.0999755859375
2010-11-05,1360.300048828125,1398.0,1327.5,1397.300048828125
2010-11-12,1390.5,1423.199951171875,1360.0999755859375,1365.4000244140625
2010-11-19,1363.699951171875,1372.5999755859375,1329.5,1352.199951171875
2010-11-26,1357.699951171875,1377.800048828125,1357.699951171875,1362.300048828125
2010-12-03,1364.0,1415.0999755859375,1352.5999755859375,1405.4000244140625
2010-12-10,1414.0,1431.0999755859375,1372.0,1384.300048828125
2010-12-17,1384.5,1407.300048828125,1362.5,1378.5999755859375
2010-12-24,1383.199951171875,1389.5,1373.699951171875,1380.0
2010-12-31,1373.5,1421.0999755859375,1373.5,1421.0999755859375
2011-01-07,1415.5999755859375,1423.9000244140625,1355.5,1368.5
2011-01-14,1369.0,1392.5,1356.699951171875,1360.4000244140625
2011-01-21,1365.0999755859375,1376.199951171875,1338.5999755859375,1341.0
2011-01-28,1352.300048828125,1352.300048828125,1307.699951171875,1340.699951171875
2011-02-04,1339.0,1360.0,1323.300048828125,1348.300048828125
2011-02-11,1345.800048828125,1368.800048828125,1343.800048828125,1359.9000244140625
2011-02-18,1357.800048828125,1391.800048828125,1356.5999755859375,1388.199951171875
2011-02-25,1395.0999755859375,1415.300048828125,1395.0999755859375,1408.699951171875
2011-03-04,1410.699951171875,1440.5,1407.699951171875,1428.199951171875
2011-03-11,1434.5,1445.0,1403.800048828125,1421.5
2011-03-18,1420.0,1427.699951171875,1385.5,1415.9000244140625
2011-03-25,1433.5,1446.9000244140625,1430.4000244140625,1426.0999755859375
2011-04-01,1413.199951171875,1440.0,1412.0,1428.0999755859375
2011-04-08,1429.0999755859375,1475.5,1428.800048828125,1473.4000244140625
2011-04-15,1476.0,1487.5,1444.4000244140625,1485.300048828125
2011-04-22,1486.300048828125,1508.300048828125,1477.5,1503.199951171875
2011-04-29,1513.300048828125,1568.699951171875,1495.0,1556.0
2011-05-06,1572.9000244140625,1576.5999755859375,1471.0,1491.199951171875
2011-05-13,1501.5,1524.0999755859375,1484.800048828125,1493.4000244140625
2011-05-20,1489.300048828125,1512.699951171875,1473.0,1508.800048828125
2011-05-27,1510.5,1538.5,1507.0,1536.300048828125
2011-06-03,1536.699951171875,1550.5999755859375,1520.0,1541.699951171875
2011-06-10,1542.9000244140625,1553.9000244140625,1526.4000244140625,1528.5999755859375
2011-06-17,1528.0999755859375,1541.5999755859375,1511.300048828125,1538.5999755859375
2011-06-24,1536.0,1558.5,1498.5,1500.5
2011-07-01,1503.5,1514.0,1480.0,1482.300048828125
2011-07-08,1490.4000244140625,1542.5999755859375,1490.300048828125,1541.199951171875
2011-07-15,1550.0,1592.800048828125,1542.0,1589.800048828125
2011-07-22,1592.800048828125,1608.800048828125,1582.4000244140625,1601.300048828125
2011-07-29,1610.0,1634.9000244140625,1602.800048828125,1628.300048828125
2011-08-05,1623.0,1681.800048828125,1607.0,1648.800048828125
2011-08-12,1679.0999755859375,1813.5,1678.0999755859375,1740.199951171875
2011-08-19,1734.9000244140625,1874.4000244140625,1730.5,1848.9000244140625
2011-08-26,1868.5999755859375,1909.300048828125,1707.300048828125,1794.0999755859375
2011-09-02,1817.9000244140625,1884.199951171875,1783.0999755859375,1873.699951171875
2011-09-09,1886.300048828125,1911.5999755859375,1792.800048828125,1856.4000244140625
2011-09-16,1852.4000244140625,1852.4000244140625,1768.5,1812.0999755859375
2011-09-23,1814.699951171875,1818.9000244140625,1636.300048828125,1637.5
2011-09-30,1646.4000244140625,1665.4000244140625,1562.4000244140625,1620.4000244140625
2011-10-07,1627.800048828125,1678.0999755859375,1596.5999755859375,1634.5
2011-10-14,1645.5999755859375,1691.0,1645.5999755859375,1681.800048828125
2011-10-21,1683.5999755859375,1693.5,1608.699951171875,1635.0999755859375
2011-10-28,1646.199951171875,1752.0,1645.0,1746.199951171875
2011-11-04,1741.9000244140625,1766.0,1682.5,1755.300048828125
2011-11-11,1755.300048828125,1798.4000244140625,1754.800048828125,1787.5
2011-11-18,1779.0,1783.0999755859375,1714.0,1724.699951171875
2011-11-25,1704.5999755859375,1704.5999755859375,1674.4000244140625,1685.5
2011-12-02,1710.800048828125,1762.9000244140625,1699.9000244140625,1747.0
2011-12-09,1748.9000244140625,1752.5999755859375,1703.0,1712.800048828125
2011-12-16,1707.5,1708.199951171875,1565.5999755859375,1595.5999755859375
2011-12-23,1596.4000244140625,1635.0,1589.699951171875,1604.699951171875
2011-12-30,1599.0,1599.0,1525.0,1565.800048828125
2012-01-06,1568.9000244140625,1627.800048828125,1566.0,1616.0999755859375
2012-01-13,1614.300048828125,1656.0999755859375,1607.5,1630.4000244140625
2012-01-20,1643.699951171875,1664.4000244140625,1642.0999755859375,1663.699951171875
2012-01-27,1676.9000244140625,1734.0999755859375,1664.199951171875,1731.800048828125
2012-02-03,1737.199951171875,1761.300048828125,1715.699951171875,1737.9000244140625
2012-02-10,1728.0,1751.5,1706.4000244140625,1723.300048828125
2012-02-17,1725.0,1737.0,1707.0,1724.5
2012-02-24,1736.0999755859375,1786.0,1733.5999755859375,1775.0999755859375
2012-03-02,1773.5999755859375,1790.4000244140625,1669.0,1708.800048828125
2012-03-09,1705.5,1710.9000244140625,1666.0,1710.9000244140625
2012-03-16,1708.0999755859375,1708.0999755859375,1637.4000244140625,1655.5
2012-03-23,1661.199951171875,1668.0,1633.800048828125,1662.300048828125
2012-03-30,1665.0,1692.9000244140625,1644.300048828125,1669.300048828125
2012-04-06,1670.4000244140625,1682.800048828125,1612.300048828125,1628.5
2012-04-13,1645.300048828125,1680.0999755859375,1636.199951171875,1659.0999755859375
2012-04-20,1650.800048828125,1656.800048828125,1632.0,1642.0999755859375
2012-04-27,1642.4000244140625,1666.9000244140625,1625.0999755859375,1664.0
2012-05-04,1663.0,1670.5,1629.4000244140625,1644.699951171875
2012-05-11,1637.9000244140625,1640.0,1583.5999755859375,1583.5999755859375
2012-05-18,1563.0,1591.5999755859375,1528.5,1591.5999755859375
2012-05-25,1591.9000244140625,1594.0999755859375,1534.4000244140625,1568.800048828125
2012-06-01,1574.699951171875,1630.0,1530.4000244140625,1620.5
2012-06-08,1623.0,1639.699951171875,1566.5,1590.0999755859375
2012-06-15,1608.0,1630.0,1583.0,1627.0
2012-06-22,1622.5999755859375,1630.699951171875,1560.0,1566.0
2012-06-29,1574.9000244140625,1603.5,1548.4000244140625,1603.5
2012-07-06,1597.0999755859375,1624.0,1578.4000244140625,1578.4000244140625
2012-07-13,1582.0999755859375,1599.800048828125,1557.199951171875,1591.5999755859375
2012-07-20,1586.199951171875,1596.0,1569.9000244140625,1582.5
2012-07-27,1571.699951171875,1617.9000244140625,1569.800048828125,1617.9000244140625
2012-08-03,1622.9000244140625,1627.5,1583.0999755859375,1606.0
2012-08-10,1604.699951171875,1624.0999755859375,1603.0,1619.699951171875
2012-08-17,1622.0,1623.699951171875,1591.199951171875,1616.300048828125
2012-08-24,1614.0,1672.699951171875,1611.5999755859375,1669.800048828125
2012-08-31,1674.9000244140625,1690.0,1646.199951171875,1684.5999755859375
2012-09-07,1689.0999755859375,1738.199951171875,1687.699951171875,1737.5
2012-09-14,1733.0999755859375,1774.5,1727.199951171875,1769.800048828125
2012-09-21,1774.800048828125,1785.300048828125,1753.800048828125,1775.5
2012-09-28,1762.0999755859375,1782.199951171875,1743.0,1771.0999755859375
2012-10-05,1766.0,1794.800048828125,1763.300048828125,1778.5999755859375
2012-10-12,1778.0,1778.0,1753.5999755859375,1758.0
2012-10-19,1750.0,1751.5,1721.0,1722.800048828125
2012-10-26,1715.0,1728.300048828125,1698.5999755859375,1710.9000244140625
2012-11-02,1714.4000244140625,1725.0999755859375,1674.0999755859375,1674.0999755859375
2012-11-09,1682.800048828125,1734.0999755859375,1674.300048828125,1730.300048828125
2012-11-16,1733.199951171875,1733.4000244140625,1706.300048828125,1714.300048828125
2012-11-23,1721.800048828125,1751.300048828125,1721.800048828125,1751.300048828125
2012-11-30,1750.300048828125,1750.5,1708.4000244140625,1710.9000244140625
2012-12-07,1714.9000244140625,1721.9000244140625,1684.0,1704.0
2012-12-14,1704.199951171875,1722.300048828125,1689.9000244140625,1695.800048828125
2012-12-21,1690.5,1702.800048828125,1635.800048828125,1659.0999755859375
2012-12-28,1657.699951171875,1666.699951171875,1653.699951171875,1654.9000244140625
2013-01-04,1655.4000244140625,1693.800048828125,1625.699951171875,1648.0999755859375
2013-01-11,1656.5,1677.300048828125,1643.800048828125,1660.0
2013-01-18,1665.4000244140625,1694.5999755859375,1664.0999755859375,1686.5999755859375
2013-01-25,1690.300048828125,1694.699951171875,1656.4000244140625,1656.4000244140625
2013-02-01,1651.5999755859375,1683.0,1651.5999755859375,1669.4000244140625
2013-02-08,1668.0,1683.4000244140625,1661.5999755859375,1666.0
2013-02-15,1666.5,1668.0,1599.5,1608.800048828125
2013-02-22,1610.0,1617.0,1555.199951171875,1572.4000244140625
2013-03-01,1579.4000244140625,1615.199951171875,1566.0,1571.9000244140625
2013-03-08,1580.800048828125,1585.5,1561.800048828125,1576.5999755859375
2013-03-15,1576.0,1596.0,1575.699951171875,1592.5
2013-03-22,1605.9000244140625,1613.800048828125,1601.5999755859375,1606.199951171875
2013-03-29,1607.0999755859375,1608.0999755859375,1590.300048828125,1594.800048828125
2013-04-05,1596.800048828125,1602.5999755859375,1539.0999755859375,1575.4000244140625
2013-04-12,1575.800048828125,1589.300048828125,1480.199951171875,1501.0
2013-04-19,1478.199951171875,1487.4000244140625,1323.0,1395.300048828125
2013-04-26,1406.800048828125,1476.199951171875,1405.800048828125,1453.5999755859375
2013-05-03,1462.699951171875,1487.0999755859375,1440.0,1464.300048828125
2013-05-10,1468.0999755859375,1477.199951171875,1423.0,1436.800048828125
2013-05-17,1440.0,1444.4000244140625,1359.0999755859375,1364.9000244140625
2013-05-24,1342.9000244140625,1395.699951171875,1342.9000244140625,1386.800048828125
2013-05-31,1380.800048828125,1421.0999755859375,1379.0999755859375,1392.5999755859375
2013-06-07,1389.0999755859375,1422.699951171875,1377.9000244140625,1383.0
2013-06-14,1378.800048828125,1393.5,1366.0,1387.300048828125
2013-06-21,1390.300048828125,1390.5,1268.9000244140625,1291.5999755859375
2013-06-28,1297.300048828125,1297.300048828125,1183.199951171875,1223.800048828125
2013-07-05,1234.699951171875,1266.300048828125,1208.9000244140625,1212.9000244140625
2013-07-12,1218.800048828125,1285.0,1215.4000244140625,1277.800048828125
2013-07-19,1292.0999755859375,1294.4000244140625,1272.9000244140625,1293.300048828125
2013-07-26,1317.0,1343.5,1317.0,1321.699951171875
2013-08-02,1328.4000244140625,1338.4000244140625,1283.0,1310.5999755859375
2013-08-09,1311.199951171875,1318.300048828125,1274.0,1312.9000244140625
2013-08-16,1317.199951171875,1378.9000244140625,1317.199951171875,1371.699951171875
2013-08-23,1379.0,1398.199951171875,1355.0,1395.699951171875
2013-08-30,1398.5999755859375,1428.0,1391.300048828125,1396.0999755859375
2013-09-06,1393.0,1414.4000244140625,1367.0999755859375,1386.699951171875
2013-09-13,1389.800048828125,1389.800048828125,1305.300048828125,1308.4000244140625
2013-09-20,1328.4000244140625,1373.0,1292.0999755859375,1332.5
2013-09-27,1327.0999755859375,1343.800048828125,1309.4000244140625,1338.4000244140625
2013-10-04,1345.800048828125,1350.9000244140625,1280.0,1309.699951171875
2013-10-11,1313.800048828125,1330.0,1263.800048828125,1268.0
2013-10-18,1275.800048828125,1326.0,1254.0999755859375,1314.4000244140625
2013-10-25,1316.800048828125,1353.0,1313.9000244140625,1352.4000244140625
2013-11-01,1351.4000244140625,1359.699951171875,1308.0,1313.0999755859375
2013-11-08,1314.5999755859375,1323.5999755859375,1281.300048828125,1284.5
2013-11-15,1281.5999755859375,1293.300048828125,1268.300048828125,1287.300048828125
2013-11-22,1284.699951171875,1284.800048828125,1236.5,1244.0
2013-11-29,1231.0999755859375,1254.800048828125,1229.0,1250.5999755859375
2013-12-06,1251.4000244140625,1251.5,1212.9000244140625,1230.300048828125
2013-12-13,1230.199951171875,1267.0,1222.199951171875,1235.699951171875
2013-12-20,1238.4000244140625,1250.5999755859375,1188.699951171875,1205.0999755859375
2013-12-27,1205.199951171875,1218.5,1195.9000244140625,1216.0999755859375
2014-01-03,1215.0,1239.0,1182.0,1238.4000244140625
2014-01-10,1232.800048828125,1247.0,1218.5999755859375,1246.699951171875
2014-01-17,1250.5999755859375,1254.300048828125,1238.0999755859375,1251.699951171875
2014-01-24,1256.4000244140625,1269.4000244140625,1235.199951171875,1264.5
2014-01-31,1259.800048828125,1267.699951171875,1237.5,1240.0999755859375
2014-02-07,1242.4000244140625,1273.699951171875,1241.199951171875,1263.300048828125
2014-02-14,1269.5999755859375,1320.699951171875,1265.699951171875,1319.0
2014-02-21,1322.9000244140625,1330.5999755859375,1309.0999755859375,1323.9000244140625
2014-02-28,1324.300048828125,1343.9000244140625,1321.0999755859375,1321.4000244140625
2014-03-07,1335.9000244140625,1354.0999755859375,1329.199951171875,1338.0999755859375
2014-03-14,1336.0,1386.5999755859375,1330.5,1379.0
2014-03-21,1386.0999755859375,1391.4000244140625,1325.800048828125,1336.0
2014-03-28,1333.0,1333.0,1285.9000244140625,1293.800048828125
2014-04-04,1294.300048828125,1306.0999755859375,1277.300048828125,1303.199951171875
2014-04-11,1301.4000244140625,1323.800048828125,1296.300048828125,1318.699951171875
2014-04-18,1320.0999755859375,1330.0,1291.5,1293.4000244140625
2014-04-25,1290.0,1304.5999755859375,1272.4000244140625,1300.699951171875
2014-05-02,1305.4000244140625,1305.4000244140625,1276.699951171875,1302.5999755859375
2014-05-09,1305.5999755859375,1314.199951171875,1285.5,1287.300048828125
2014-05-16,1282.0999755859375,1306.9000244140625,1281.199951171875,1293.300048828125
2014-05-23,1293.699951171875,1295.0,1287.4000244140625,1291.5999755859375
2014-05-30,1291.9000244140625,1291.9000244140625,1241.800048828125,1245.5999755859375
2014-06-06,1250.0,1256.5999755859375,1240.5,1252.0999755859375
2014-06-13,1252.699951171875,1274.699951171875,1251.0,1273.699951171875
2014-06-20,1279.800048828125,1321.4000244140625,1260.9000244140625,1316.199951171875
2014-06-27,1312.300048828125,1325.5999755859375,1312.0,1319.0
2014-07-04,1315.300048828125,1331.4000244140625,1311.800048828125,1320.4000244140625
2014-07-11,1318.699951171875,1343.699951171875,1313.199951171875,1337.0
2014-07-18,1332.800048828125,1332.800048828125,1294.0999755859375,1309.199951171875
2014-07-25,1311.0,1315.5,1290.5999755859375,1303.0999755859375
2014-08-01,1307.4000244140625,1310.9000244140625,1279.699951171875,1293.5999755859375
2014-08-08,1294.4000244140625,1321.4000244140625,1282.5999755859375,1308.9000244140625
2014-08-15,1308.4000244140625,1316.4000244140625,1292.0,1304.5
2014-08-22,1301.4000244140625,1302.0999755859375,1272.0,1278.5999755859375
2014-08-29,1277.300048828125,1293.699951171875,1273.699951171875,1285.800048828125
2014-09-05,1284.5,1286.4000244140625,1260.4000244140625,1265.800048828125
2014-09-12,1268.4000244140625,1268.4000244140625,1227.0,1229.9000244140625
2014-09-19,1226.699951171875,1238.300048828125,1215.300048828125,1215.300048828125
2014-09-26,1214.9000244140625,1221.199951171875,1209.5,1214.0999755859375
2014-10-03,1216.300048828125,1222.199951171875,1191.0,1192.199951171875
2014-10-10,1187.699951171875,1229.0,1182.800048828125,1221.0
2014-10-17,1229.800048828125,1247.0,1227.0,1238.300048828125
2014-10-24,1237.300048828125,1251.0,1227.9000244140625,1231.199951171875
2014-10-31,1230.199951171875,1231.0,1161.4000244140625,1171.0999755859375
2014-11-07,1166.4000244140625,1172.300048828125,1133.0,1169.5999755859375
2014-11-14,1171.0,1191.0,1148.0,1185.0
2014-11-21,1183.0999755859375,1202.4000244140625,1180.5999755859375,1197.5
2014-11-28,1197.699951171875,1201.0,1163.800048828125,1175.199951171875
2014-12-05,1160.0,1220.4000244140625,1141.699951171875,1190.0999755859375
2014-12-12,1190.5999755859375,1238.0,1187.199951171875,1222.0
2014-12-19,1223.0999755859375,1223.0999755859375,1184.0,1195.9000244140625
2014-12-26,1198.0,1198.0,1172.699951171875,1195.300048828125
2015-01-02,1186.5,1210.300048828125,1169.5,1186.0
2015-01-09,1180.300048828125,1220.199951171875,1180.0999755859375,1216.0
2015-01-16,1224.199951171875,1279.699951171875,1219.0999755859375,1276.9000244140625
2015-01-23,1278.9000244140625,1303.5,1273.800048828125,1292.5999755859375
2015-01-30,1289.5,1291.699951171875,1251.0,1278.5
2015-02-06,1284.0999755859375,1284.699951171875,1228.0,1233.9000244140625
2015-02-13,1237.5,1245.0,1217.9000244140625,1226.5
2015-02-20,1227.699951171875,1234.0,1197.800048828125,1204.4000244140625
2015-02-27,1201.300048828125,1219.0,1191.5999755859375,1212.5999755859375
2015-03-06,1214.300048828125,1222.699951171875,1163.699951171875,1164.0999755859375
2015-03-13,1169.4000244140625,1174.199951171875,1147.699951171875,1152.5999755859375
2015-03-20,1159.699951171875,1185.4000244140625,1144.300048828125,1184.800048828125
2015-03-27,1181.5999755859375,1213.699951171875,1181.199951171875,1199.800048828125
2015-04-03,1198.0,1208.199951171875,1178.199951171875,1200.9000244140625
2015-04-10,1209.9000244140625,1224.199951171875,1193.0,1204.5999755859375
2015-04-17,1208.0999755859375,1208.5,1184.0999755859375,1202.9000244140625
2015-04-24,1205.699951171875,1206.9000244140625,1174.5999755859375,1175.199951171875
2015-05-01,1182.300048828125,1214.0,1170.0,1174.5
2015-05-08,1177.5,1198.699951171875,1177.5,1189.0999755859375
2015-05-15,1189.699951171875,1225.5999755859375,1179.300048828125,1225.5
2015-05-22,1224.5,1228.0999755859375,1203.699951171875,1204.300048828125
2015-05-29,1193.5999755859375,1193.5999755859375,1179.5999755859375,1189.4000244140625
2015-06-05,1190.5999755859375,1204.0,1164.0,1167.800048828125
2015-06-12,1169.5,1190.0999755859375,1169.0999755859375,1178.800048828125
2015-06-19,1179.9000244140625,1203.0999755859375,1172.699951171875,1201.5
2015-06-26,1197.800048828125,1197.800048828125,1170.5,1172.9000244140625
2015-07-03,1185.0999755859375,1186.0,1155.5,1163.0
2015-07-10,1171.0999755859375,1173.0,1146.4000244140625,1157.699951171875
2015-07-17,1159.0,1159.0,1130.199951171875,1131.800048828125
2015-07-24,1130.4000244140625,1130.699951171875,1078.5999755859375,1085.5999755859375
2015-07-31,1100.0,1102.800048828125,1079.0999755859375,1094.9000244140625
2015-08-07,1095.5,1098.300048828125,1080.5,1094.0999755859375
2015-08-14,1093.199951171875,1124.5,1089.5,1112.9000244140625
2015-08-21,1113.800048828125,1166.5,1110.0,1159.5999755859375
2015-08-28,1164.0,1169.0,1118.4000244140625,1133.0999755859375
2015-09-04,1131.0999755859375,1144.699951171875,1116.199951171875,1120.5999755859375
2015-09-11,1119.800048828125,1124.300048828125,1098.199951171875,1103.5
2015-09-18,1107.800048828125,1141.199951171875,1102.800048828125,1138.0999755859375
2015-09-25,1137.5999755859375,1155.9000244140625,1122.5,1146.0
2015-10-02,1133.199951171875,1141.199951171875,1105.800048828125,1137.0999755859375
2015-10-09,1137.0999755859375,1157.199951171875,1132.5,1156.300048828125
2015-10-16,1155.9000244140625,1189.0,1154.9000244140625,1183.5999755859375
2015-10-23,1176.5,1179.0999755859375,1163.300048828125,1163.300048828125
2015-10-30,1165.0999755859375,1182.699951171875,1139.199951171875,1141.5
2015-11-06,1137.9000244140625,1138.699951171875,1084.800048828125,1087.5999755859375
2015-11-13,1088.5999755859375,1091.4000244140625,1080.800048828125,1080.800048828125
2015-11-20,1092.0,1092.4000244140625,1064.0,1076.4000244140625
2015-11-27,1070.0,1079.4000244140625,1051.0999755859375,1056.199951171875
2015-12-04,1056.5,1088.800048828125,1046.199951171875,1084.5
2015-12-11,1084.9000244140625,1086.5,1064.4000244140625,1076.9000244140625
2015-12-18,1074.0,1078.699951171875,1050.5,1066.199951171875
2015-12-25,1070.199951171875,1081.9000244140625,1069.4000244140625,1077.199951171875
2016-01-01,1077.9000244140625,1098.800048828125,1058.5,1060.300048828125
2016-01-08,1063.4000244140625,1111.0999755859375,1063.199951171875,1097.800048828125
2016-01-15,1105.699951171875,1107.9000244140625,1073.699951171875,1091.5
2016-01-22,1089.800048828125,1109.800048828125,1084.9000244140625,1097.199951171875
2016-01-29,1099.300048828125,1125.699951171875,1099.300048828125,1116.4000244140625
2016-02-05,1116.699951171875,1174.800048828125,1115.300048828125,1157.800048828125
2016-02-12,1173.5,1260.800048828125,1165.0,1239.0999755859375
2016-02-19,1233.0999755859375,1239.199951171875,1193.5999755859375,1230.4000244140625
2016-02-26,1226.0999755859375,1250.0999755859375,1203.0,1219.800048828125
2016-03-04,1218.5999755859375,1279.9000244140625,1218.5999755859375,1269.9000244140625
2016-03-11,1259.800048828125,1280.699951171875,1237.5,1258.699951171875
2016-03-18,1256.0,1270.0999755859375,1228.0,1253.800048828125
2016-03-25,1256.199951171875,1256.199951171875,1214.199951171875,1221.4000244140625
2016-04-01,1211.5,1245.0,1209.199951171875,1222.199951171875
2016-04-08,1221.699951171875,1242.9000244140625,1215.0,1242.5
2016-04-15,1241.5,1261.699951171875,1224.5,1233.0999755859375
2016-04-22,1238.699951171875,1270.5999755859375,1228.0,1228.699951171875
2016-04-29,1231.5999755859375,1295.5,1231.5999755859375,1289.199951171875
2016-05-06,1292.0999755859375,1304.4000244140625,1270.800048828125,1292.9000244140625
2016-05-13,1286.5,1286.5,1258.699951171875,1271.9000244140625
2016-05-20,1272.800048828125,1287.800048828125,1247.5,1252.4000244140625
2016-05-27,1251.5999755859375,1251.5999755859375,1206.4000244140625,1213.800048828125
2016-06-03,1212.5,1244.5,1199.0,1240.0999755859375
2016-06-10,1244.4000244140625,1278.0,1236.5,1273.4000244140625
2016-06-17,1276.199951171875,1316.4000244140625,1273.0,1292.5
2016-06-24,1288.9000244140625,1355.5999755859375,1253.699951171875,1320.0
2016-07-01,1330.0,1344.199951171875,1311.5999755859375,1336.699951171875
2016-07-08,1342.199951171875,1374.9000244140625,1335.0,1356.5999755859375
2016-07-15,1371.699951171875,1371.800048828125,1322.699951171875,1326.5
2016-07-22,1327.5,1337.5,1312.800048828125,1323.0999755859375
2016-07-29,1315.699951171875,1353.300048828125,1313.800048828125,1349.0
2016-08-05,1348.800048828125,1366.0,1333.699951171875,1336.4000244140625
2016-08-12,1330.0,1354.199951171875,1327.800048828125,1335.800048828125
2016-08-19,1336.5,1355.0,1333.5999755859375,1340.4000244140625
2016-08-26,1334.4000244140625,1341.199951171875,1317.0,1321.5
2016-09-02,1315.0,1326.699951171875,1301.5,1322.0999755859375
2016-09-09,1323.300048828125,1350.5,1323.199951171875,1330.0999755859375
2016-09-16,1327.0,1329.300048828125,1305.800048828125,1305.800048828125
2016-09-23,1313.5,1340.4000244140625,1313.5,1337.199951171875
2016-09-30,1335.199951171875,1341.800048828125,1312.9000244140625,1313.300048828125
2016-10-07,1313.5,1316.800048828125,1248.9000244140625,1248.9000244140625
2016-10-14,1258.9000244140625,1259.0,1250.5999755859375,1253.0999755859375
2016-10-21,1249.9000244140625,1271.5,1249.9000244140625,1265.9000244140625
2016-10-28,1269.199951171875,1281.5,1261.800048828125,1275.5
2016-11-04,1276.5999755859375,1307.0,1271.5,1303.300048828125
2016-11-11,1292.0,1318.5999755859375,1253.300048828125,1265.5
2016-11-18,1227.800048828125,1229.5,1207.199951171875,1208.5
2016-11-25,1209.5999755859375,1213.800048828125,1177.0,1178.199951171875
2016-12-02,1188.0,1194.800048828125,1160.0,1175.0999755859375
2016-12-09,1181.800048828125,1186.699951171875,1156.0,1159.4000244140625
2016-12-16,1158.300048828125,1164.0,1123.9000244140625,1135.300048828125
2016-12-23,1139.4000244140625,1140.699951171875,1126.5,1131.9000244140625
2016-12-30,1134.300048828125,1162.0,1134.300048828125,1150.0
2017-01-06,1155.199951171875,1183.300048828125,1146.5,1171.9000244140625
2017-01-13,1173.9000244140625,1204.300048828125,1173.0,1195.300048828125
2017-01-20,1205.5,1214.699951171875,1195.800048828125,1204.300048828125
2017-01-27,1212.0,1219.0,1185.5999755859375,1188.0999755859375
2017-02-03,1191.699951171875,1224.199951171875,1187.0999755859375,1218.5
2017-02-10,1221.9000244140625,1243.9000244140625,1218.5,1234.4000244140625
2017-02-17,1230.5,1241.199951171875,1217.300048828125,1237.5999755859375
2017-02-24,1237.300048828125,1258.800048828125,1228.0999755859375,1256.9000244140625
2017-03-03,1254.699951171875,1263.0999755859375,1222.9000244140625,1225.5
2017-03-10,1235.199951171875,1235.199951171875,1196.199951171875,1200.699951171875
2017-03-17,1206.199951171875,1231.4000244140625,1196.800048828125,1229.800048828125
2017-03-24,1229.300048828125,1249.5,1226.4000244140625,1248.199951171875
2017-03-31,1255.800048828125,1257.699951171875,1238.699951171875,1247.300048828125
2017-04-07,1247.5,1269.0999755859375,1243.0,1254.300048828125
2017-04-14,1252.699951171875,1287.5999755859375,1246.800048828125,1285.9000244140625
2017-04-21,1291.800048828125,1294.800048828125,1274.0,1287.4000244140625
2017-04-28,1275.0,1276.9000244140625,1262.0999755859375,1266.0999755859375
2017-05-05,1268.699951171875,1269.300048828125,1224.199951171875,1224.800048828125
2017-05-12,1224.0,1234.0,1214.0,1226.199951171875
2017-05-19,1227.5,1260.0,1227.5,1252.699951171875
2017-05-26,1251.699951171875,1267.5999755859375,1249.699951171875,1267.5999755859375
2017-06-02,1267.4000244140625,1279.0,1258.4000244140625,1276.800048828125
2017-06-09,1279.199951171875,1295.199951171875,1264.5999755859375,1268.5
2017-06-16,1266.4000244140625,1278.0,1250.300048828125,1254.0
2017-06-23,1252.0999755859375,1273.5999755859375,1240.0,1256.199951171875
2017-06-30,1260.199951171875,1260.199951171875,1238.0999755859375,1240.699951171875
2017-07-07,1236.0,1236.0,1208.5999755859375,1208.5999755859375
2017-07-14,1211.4000244140625,1227.5,1208.699951171875,1226.5999755859375
2017-07-21,1229.9000244140625,1254.300048828125,1229.9000244140625,1254.300048828125
2017-07-28,1256.0,1270.0,1244.800048828125,1268.4000244140625
2017-08-04,1268.9000244140625,1273.300048828125,1253.9000244140625,1258.300048828125
2017-08-11,1258.699951171875,1291.0999755859375,1251.4000244140625,1287.699951171875
2017-08-18,1288.4000244140625,1300.699951171875,1267.4000244140625,1285.699951171875
2017-08-25,1285.199951171875,1292.699951171875,1280.300048828125,1292.5
2017-09-01,1293.5,1327.699951171875,1293.5,1324.5
2017-09-08,1335.199951171875,1355.800048828125,1328.5999755859375,1346.0
2017-09-15,1331.0,1331.0,1319.5999755859375,1320.4000244140625
2017-09-22,1309.800048828125,1312.0,1290.300048828125,1293.300048828125
2017-09-29,1293.0999755859375,1309.199951171875,1277.0,1281.5
2017-10-06,1275.0,1280.800048828125,1260.5,1271.5999755859375
2017-10-13,1280.5999755859375,1301.699951171875,1279.0,1301.5
2017-10-20,1302.0,1303.800048828125,1277.4000244140625,1277.4000244140625
2017-10-27,1274.699951171875,1280.800048828125,1264.699951171875,1268.5
2017-11-03,1270.0,1274.9000244140625,1265.300048828125,1266.5
2017-11-10,1269.0,1286.9000244140625,1269.0,1272.4000244140625
2017-11-17,1277.300048828125,1295.800048828125,1275.9000244140625,1295.800048828125
2017-11-24,1274.5999755859375,1291.5999755859375,1274.5999755859375,1286.699951171875
2017-12-01,1293.800048828125,1296.199951171875,1269.699951171875,1278.800048828125
2017-12-08,1272.5,1276.0999755859375,1241.5,1245.199951171875
2017-12-15,1248.4000244140625,1260.300048828125,1236.5,1254.300048828125
2017-12-22,1256.199951171875,1276.300048828125,1255.699951171875,1275.4000244140625
2017-12-29,1282.4000244140625,1306.300048828125,1281.800048828125,1306.300048828125
2018-01-05,1302.300048828125,1322.0,1302.300048828125,1320.300048828125
2018-01-12,1319.9000244140625,1338.199951171875,1309.5999755859375,1333.4000244140625
2018-01-19,1331.0999755859375,1338.0,1326.0,1331.9000244140625
2018-01-26,1328.4000244140625,1362.4000244140625,1328.4000244140625,1351.5999755859375
2018-02-02,1338.699951171875,1352.0999755859375,1327.699951171875,1333.699951171875
2018-02-09,1331.0999755859375,1343.699951171875,1307.0,1313.0999755859375
2018-02-16,1323.800048828125,1361.4000244140625,1318.0,1353.199951171875
2018-02-23,1348.4000244140625,1350.199951171875,1322.0,1328.199951171875
2018-03-02,1335.0,1340.5,1301.800048828125,1321.0999755859375
2018-03-09,1323.5,1338.0999755859375,1313.0,1322.4000244140625
2018-03-16,1319.4000244140625,1325.9000244140625,1310.0999755859375,1311.300048828125
2018-03-23,1309.4000244140625,1349.300048828125,1307.300048828125,1349.300048828125
2018-03-30,1348.5,1354.4000244140625,1321.699951171875,1322.800048828125
2018-04-06,1327.0,1347.300048828125,1319.0,1331.9000244140625
2018-04-13,1333.0,1365.4000244140625,1327.0,1344.800048828125
2018-04-20,1341.0,1355.199951171875,1335.300048828125,1336.699951171875
2018-04-27,1334.0,1334.4000244140625,1312.800048828125,1320.300048828125
2018-05-04,1309.5999755859375,1316.199951171875,1302.5999755859375,1312.699951171875
2018-05-11,1310.5999755859375,1320.800048828125,1308.5,1319.0
2018-05-18,1319.9000244140625,1319.9000244140625,1285.199951171875,1290.199951171875
2018-05-25,1287.4000244140625,1303.699951171875,1287.4000244140625,1303.300048828125
2018-06-01,1298.699951171875,1306.800048828125,1288.9000244140625,1294.800048828125
2018-06-08,1293.9000244140625,1302.800048828125,1289.9000244140625,1298.0999755859375
2018-06-15,1299.300048828125,1307.699951171875,1274.0,1274.5999755859375
2018-06-22,1280.699951171875,1281.800048828125,1260.0,1267.4000244140625
2018-06-29,1270.5999755859375,1271.199951171875,1244.800048828125,1251.300048828125
2018-07-06,1249.9000244140625,1257.300048828125,1237.0,1254.300048828125
2018-07-13,1258.199951171875,1262.300048828125,1239.5999755859375,1239.5999755859375
2018-07-20,1242.699951171875,1243.800048828125,1211.699951171875,1229.5
2018-07-27,1222.0,1231.4000244140625,1222.0,1222.5999755859375
2018-08-03,1222.5,1228.0999755859375,1205.0999755859375,1214.199951171875
2018-08-10,1214.4000244140625,1216.4000244140625,1205.5999755859375,1211.0999755859375
2018-08-17,1207.0,1207.4000244140625,1161.4000244140625,1176.5
2018-08-24,1184.800048828125,1208.0,1184.4000244140625,1206.300048828125
2018-08-31,1210.300048828125,1217.0,1196.0,1200.300048828125
2018-09-07,1193.800048828125,1202.0,1189.9000244140625,1193.5999755859375
2018-09-14,1193.0,1205.0,1190.4000244140625,1195.0
2018-09-21,1199.699951171875,1206.199951171875,1196.199951171875,1196.199951171875
2018-09-28,1199.300048828125,1202.800048828125,1180.0,1191.5
2018-10-05,1191.5999755859375,1206.0,1185.800048828125,1201.199951171875
2018-10-12,1201.0,1224.5999755859375,1183.699951171875,1218.0999755859375
2018-10-19,1222.4000244140625,1232.300048828125,1222.4000244140625,1225.300048828125
2018-10-26,1224.5,1238.5999755859375,1219.5999755859375,1232.5
2018-11-02,1224.5,1236.0,1212.0,1230.9000244140625
2018-11-09,1230.5999755859375,1233.800048828125,1206.4000244140625,1206.4000244140625
2018-11-16,1201.5999755859375,1223.800048828125,1196.300048828125,1220.800048828125
2018-11-23,1223.0999755859375,1228.800048828125,1219.0,1221.0
2018-11-30,1220.199951171875,1228.699951171875,1211.199951171875,1220.199951171875
2018-12-07,1222.5,1249.800048828125,1221.300048828125,1246.800048828125
2018-12-14,1249.5999755859375,1249.5999755859375,1234.0999755859375,1237.0
2018-12-21,1239.300048828125,1263.5999755859375,1239.300048828125,1253.800048828125
2018-12-28,1260.300048828125,1280.0999755859375,1260.300048828125,1279.9000244140625
2019-01-04,1278.0,1294.199951171875,1275.300048828125,1282.699951171875
2019-01-11,1286.800048828125,1291.199951171875,1278.199951171875,1287.0999755859375
2019-01-18,1292.4000244140625,1293.9000244140625,1281.300048828125,1281.300048828125
2019-01-25,1282.5,1297.4000244140625,1278.5,1297.4000244140625
2019-02-01,1300.800048828125,1325.4000244140625,1298.4000244140625,1316.9000244140625
2019-02-08,1318.0999755859375,1318.0999755859375,1302.199951171875,1313.699951171875
2019-02-15,1313.4000244140625,1318.800048828125,1301.5999755859375,1318.0999755859375
2019-02-22,1320.9000244140625,1344.0,1320.5,1329.199951171875
2019-03-01,1329.199951171875,1331.5999755859375,1288.9000244140625,1296.4000244140625
2019-03-08,1285.5,1297.4000244140625,1281.0,1297.0
2019-03-15,1291.0,1307.5,1288.800048828125,1301.800048828125
2019-03-22,1297.300048828125,1311.5999755859375,1297.300048828125,1311.5999755859375
2019-03-29,1320.699951171875,1322.9000244140625,1286.0999755859375,1293.0
2019-04-05,1291.800048828125,1295.9000244140625,1279.5,1290.4000244140625
2019-04-12,1292.199951171875,1309.0999755859375,1288.5999755859375,1290.5999755859375
2019-04-19,1284.800048828125,1287.300048828125,1270.0999755859375,1271.9000244140625
2019-04-26,1273.5,1284.9000244140625,1266.0,1284.9000244140625
2019-05-03,1284.800048828125,1284.9000244140625,1266.5999755859375,1279.199951171875
2019-05-10,1282.199951171875,1286.5,1278.800048828125,1285.699951171875
2019-05-17,1286.699951171875,1300.0999755859375,1274.5,1274.5
2019-05-24,1276.0999755859375,1284.800048828125,1272.0,1283.0
2019-05-31,1276.5,1306.4000244140625,1273.9000244140625,1305.800048828125
2019-06-07,1307.0,1347.699951171875,1307.0,1341.199951171875
2019-06-14,1335.800048828125,1355.4000244140625,1319.0999755859375,1340.0999755859375
2019-06-21,1339.0,1406.0,1335.0,1396.199951171875
2019-06-28,1406.0,1433.300048828125,1399.800048828125,1409.699951171875
2019-07-05,1386.5999755859375,1434.0,1382.800048828125,1396.699951171875
2019-07-12,1395.9000244140625,1424.0,1386.199951171875,1409.9000244140625
2019-07-19,1414.4000244140625,1444.199951171875,1404.5999755859375,1425.0999755859375
2019-07-26,1425.300048828125,1425.300048828125,1413.9000244140625,1418.5
2019-08-02,1419.5999755859375,1448.0,1400.9000244140625,1445.5999755859375
2019-08-09,1440.4000244140625,1509.9000244140625,1440.4000244140625,1496.5999755859375
2019-08-16,1496.0,1531.4000244140625,1483.699951171875,1512.5
2019-08-23,1507.199951171875,1527.5999755859375,1492.9000244140625,1526.5999755859375
2019-08-30,1543.199951171875,1549.300048828125,1516.699951171875,1519.0999755859375
2019-09-06,1522.9000244140625,1553.199951171875,1504.5,1506.199951171875
2019-09-13,1509.0,1515.4000244140625,1486.9000244140625,1490.9000244140625
2019-09-20,1506.5999755859375,1509.4000244140625,1489.300048828125,1507.300048828125
2019-09-27,1515.5,1533.0,1485.5999755859375,1499.0999755859375
2019-10-04,1495.9000244140625,1518.199951171875,1458.300048828125,1506.199951171875
2019-10-11,1504.800048828125,1511.199951171875,1476.9000244140625,1482.699951171875
2019-10-18,1484.4000244140625,1495.4000244140625,1476.5999755859375,1488.199951171875
2019-10-25,1489.9000244140625,1514.300048828125,1481.5,1499.5
2019-11-01,1504.0999755859375,1513.0999755859375,1481.0,1508.0
2019-11-08,1511.5999755859375,1511.5999755859375,1461.300048828125,1461.300048828125
2019-11-15,1461.0,1471.800048828125,1447.0999755859375,1467.300048828125
2019-11-22,1472.0,1474.5,1463.0999755859375,1463.0999755859375
2019-11-29,1457.0999755859375,1465.5999755859375,1452.0,1465.5999755859375
2019-12-06,1462.800048828125,1483.4000244140625,1453.300048828125,1459.0999755859375
2019-12-13,1458.800048828125,1483.9000244140625,1458.5999755859375,1475.5999755859375
2019-12-20,1473.800048828125,1478.9000244140625,1472.5999755859375,1474.699951171875
2019-12-27,1482.300048828125,1513.800048828125,1479.9000244140625,1513.800048828125
2020-01-03,1512.5999755859375,1552.699951171875,1510.0,1549.199951171875
2020-01-10,1580.0,1604.199951171875,1543.300048828125,1557.5
2020-01-17,1557.4000244140625,1558.800048828125,1534.9000244140625,1558.800048828125
2020-01-24,1559.300048828125,1571.0999755859375,1549.800048828125,1571.0999755859375
2020-01-31,1584.300048828125,1589.0,1569.199951171875,1582.9000244140625
2020-02-07,1592.9000244140625,1593.300048828125,1547.699951171875,1568.5999755859375
2020-02-14,1569.300048828125,1582.699951171875,1561.0,1582.699951171875
2020-02-21,1579.800048828125,1645.0,1579.800048828125,1644.5999755859375
2020-02-28,1657.0,1686.5999755859375,1564.0999755859375,1564.0999755859375
2020-03-06,1583.9000244140625,1686.199951171875,1574.300048828125,1670.800048828125
2020-03-13,1696.0999755859375,1701.5999755859375,1513.800048828125,1515.699951171875
2020-03-20,1569.0999755859375,1569.0999755859375,1452.0999755859375,1484.0
2020-03-27,1505.300048828125,1685.5,1490.199951171875,1623.9000244140625
2020-04-03,1641.199951171875,1652.800048828125,1570.0,1633.699951171875
2020-04-10,1629.0999755859375,1736.199951171875,1625.9000244140625,1736.199951171875
2020-04-17,1722.0,1775.0,1684.9000244140625,1689.199951171875
2020-04-24,1686.0,1745.0999755859375,1659.9000244140625,1723.5
2020-05-01,1731.9000244140625,1731.9000244140625,1670.5,1694.5
2020-05-08,1702.5999755859375,1728.9000244140625,1684.199951171875,1709.9000244140625
2020-05-15,1702.300048828125,1753.4000244140625,1690.199951171875,1753.4000244140625
2020-05-22,1755.699951171875,1770.5,1720.5,1734.5999755859375
2020-05-29,1726.4000244140625,1738.300048828125,1685.5999755859375,1736.9000244140625
2020-06-05,1740.4000244140625,1747.0,1668.5999755859375,1676.199951171875
2020-06-12,1679.0999755859375,1744.0999755859375,1675.9000244140625,1729.300048828125
2020-06-19,1730.0,1750.699951171875,1703.300048828125,1745.9000244140625
2020-06-26,1755.199951171875,1783.0999755859375,1750.5,1772.5
2020-07-03,1779.800048828125,1798.0,1765.800048828125,1784.0
2020-07-10,1788.199951171875,1819.800048828125,1783.300048828125,1798.199951171875
2020-07-17,1805.0,1813.5,1791.0,1808.300048828125
2020-07-24,1807.0,1897.300048828125,1807.0,1897.300048828125
2020-07-31,1901.699951171875,1981.0999755859375,1901.5,1962.800048828125
2020-08-07,1984.300048828125,2063.0,1955.5,2010.0999755859375
2020-08-14,2026.4000244140625,2043.800048828125,1871.5999755859375,1937.0
2020-08-21,1949.5999755859375,2002.800048828125,1908.9000244140625,1934.5999755859375
2020-08-28,1930.199951171875,1972.5,1909.699951171875,1964.5999755859375
2020-09-04,1970.0,1986.300048828125,1917.699951171875,1923.9000244140625
2020-09-11,1930.9000244140625,1962.699951171875,1903.0999755859375,1937.800048828125
2020-09-18,1946.300048828125,1968.5,1933.699951171875,1952.0999755859375
2020-09-25,1946.199951171875,1946.199951171875,1851.5,1857.699951171875
2020-10-02,1872.800048828125,1913.0,1872.4000244140625,1900.199951171875
2020-10-09,1898.9000244140625,1929.0999755859375,1873.0999755859375,1919.5
2020-10-16,1924.0,1926.5,1882.5,1900.800048828125
2020-10-23,1907.300048828125,1927.300048828125,1896.0999755859375,1902.0
2020-10-30,1895.5,1908.800048828125,1858.800048828125,1877.4000244140625
2020-11-06,1872.9000244140625,1958.800048828125,1872.9000244140625,1950.300048828125
2020-11-13,1955.5999755859375,1963.199951171875,1847.0999755859375,1885.699951171875
2020-11-20,1874.5999755859375,1888.4000244140625,1856.0,1872.5999755859375
2020-11-27,1834.800048828125,1837.800048828125,1770.699951171875,1781.9000244140625
2020-12-04,1785.0,1847.5999755859375,1762.300048828125,1835.9000244140625
2020-12-11,1836.5,1875.800048828125,1820.800048828125,1839.800048828125
2020-12-18,1835.5,1896.199951171875,1822.699951171875,1885.699951171875
2020-12-25,1884.800048828125,1908.0,1861.0,1879.9000244140625
2021-01-01,1895.5,1901.300048828125,1873.699951171875,1893.0999755859375
2021-01-08,1912.199951171875,1959.9000244140625,1834.0999755859375,1834.0999755859375
2021-01-15,1826.5,1859.699951171875,1825.0,1829.300048828125
2021-01-22,1802.0,1868.0,1802.0,1855.699951171875
2021-01-29,1864.699951171875,1876.0,1831.5,1847.300048828125
2021-02-05,1866.5999755859375,1871.9000244140625,1782.800048828125,1810.9000244140625
2021-02-12,1816.300048828125,1851.0999755859375,1809.0,1821.5999755859375
2021-02-19,1820.9000244140625,1823.4000244140625,1764.300048828125,1775.800048828125
2021-02-26,1784.0,1811.300048828125,1718.800048828125,1728.0999755859375
2021-03-05,1737.0999755859375,1747.0,1685.0,1698.0
2021-03-12,1704.699951171875,1737.5,1673.699951171875,1719.5
2021-03-19,1729.5,1750.300048828125,1721.800048828125,1741.4000244140625
2021-03-26,1737.800048828125,1737.800048828125,1721.300048828125,1732.199951171875
2021-04-02,1712.0999755859375,1728.800048828125,1676.5,1726.5
2021-04-09,1727.9000244140625,1758.0,1721.9000244140625,1743.300048828125
2021-04-16,1740.800048828125,1779.5,1722.0999755859375,1779.0
2021-04-23,1782.0999755859375,1794.5,1765.5,1777.0
2021-04-30,1778.0,1789.0,1758.5999755859375,1767.300048828125
2021-05-07,1788.5,1842.9000244140625,1774.800048828125,1831.0999755859375
2021-05-14,1835.5999755859375,1845.5999755859375,1814.0999755859375,1837.9000244140625
2021-05-21,1849.9000244140625,1885.0,1847.199951171875,1876.699951171875
2021-05-28,1882.0999755859375,1905.4000244140625,1881.9000244140625,1902.5
2021-06-04,1905.0999755859375,1916.199951171875,1854.0,1889.800048828125
2021-06-11,1890.5,1902.9000244140625,1871.5,1877.4000244140625
2021-06-18,1866.199951171875,1867.199951171875,1767.9000244140625,1767.9000244140625
2021-06-25,1768.800048828125,1793.199951171875,1766.800048828125,1776.5999755859375
2021-07-02,1779.5999755859375,1787.9000244140625,1752.0999755859375,1782.5999755859375
2021-07-09,1786.699951171875,1818.5,1786.699951171875,1810.0
2021-07-16,1802.5999755859375,1833.0,1799.5,1814.5
2021-07-23,1803.300048828125,1824.0,1793.5999755859375,1801.4000244140625
2021-07-30,1802.5,1832.5999755859375,1797.199951171875,1812.5999755859375
2021-08-06,1812.4000244140625,1831.300048828125,1758.4000244140625,1760.0
2021-08-13,1753.5,1777.300048828125,1692.5999755859375,1775.199951171875
2021-08-20,1776.9000244140625,1794.199951171875,1771.9000244140625,1781.0
2021-08-27,1776.800048828125,1816.5999755859375,1776.800048828125,1816.5999755859375
2021-09-03,1818.199951171875,1833.9000244140625,1801.0999755859375,1830.9000244140625
2021-09-10,1825.699951171875,1825.699951171875,1781.699951171875,1789.5999755859375
2021-09-17,1789.800048828125,1806.199951171875,1743.9000244140625,1749.4000244140625
2021-09-24,1751.800048828125,1784.300048828125,1738.199951171875,1749.699951171875
2021-10-01,1751.699951171875,1762.5999755859375,1721.4000244140625,1757.0
2021-10-08,1764.5,1780.0,1744.699951171875,1756.300048828125
2021-10-15,1756.5999755859375,1799.9000244140625,1749.800048828125,1767.199951171875
2021-10-22,1761.5999755859375,1806.9000244140625,1759.5,1795.5
2021-10-29,1794.300048828125,1809.0,1774.5999755859375,1783.0
2021-11-05,1787.5,1817.0999755859375,1761.800048828125,1816.4000244140625
2021-11-12,1817.0,1867.9000244140625,1816.9000244140625,1867.9000244140625
2021-11-19,1864.5,1869.699951171875,1851.199951171875,1851.199951171875
2021-11-26,1841.5999755859375,1841.5999755859375,1781.4000244140625,1785.300048828125
2021-12-03,1791.699951171875,1808.0999755859375,1760.5999755859375,1782.0
2021-12-10,1780.199951171875,1789.9000244140625,1769.0999755859375,1782.9000244140625
2021-12-17,1784.4000244140625,1812.9000244140625,1753.9000244140625,1803.800048828125
2021-12-24,1796.800048828125,1811.199951171875,1785.5,1811.199951171875
2021-12-31,1810.0,1827.800048828125,1791.4000244140625,1827.5
2022-01-07,1830.0999755859375,1830.0999755859375,1784.4000244140625,1797.0
2022-01-14,1794.9000244140625,1827.199951171875,1790.4000244140625,1816.5
2022-01-21,1816.800048828125,1843.0999755859375,1812.300048828125,1831.800048828125
2022-01-28,1837.9000244140625,1852.699951171875,1778.800048828125,1784.9000244140625
2022-02-04,1788.5,1813.699951171875,1785.0999755859375,1806.5999755859375
2022-02-11,1812.199951171875,1864.800048828125,1809.0999755859375,1840.800048828125
2022-02-18,1861.800048828125,1900.699951171875,1847.4000244140625,1898.5999755859375
2022-02-25,1908.0999755859375,1972.5,1883.5999755859375,1886.5
2022-03-04,1928.300048828125,1970.9000244140625,1894.199951171875,1965.0999755859375
2022-03-11,1989.0,2072.0,1959.9000244140625,1982.699951171875
2022-03-18,1976.5,1977.699951171875,1907.199951171875,1928.199951171875
2022-03-25,1925.4000244140625,1964.0,1920.699951171875,1953.800048828125
2022-04-01,1932.5999755859375,1949.9000244140625,1893.5,1919.0999755859375
2022-04-08,1921.199951171875,1947.699951171875,1915.5999755859375,1941.5999755859375
2022-04-15,1946.5999755859375,1981.0,1941.800048828125,1970.9000244140625
2022-04-22,1973.4000244140625,1997.0999755859375,1930.199951171875,1931.0
2022-04-29,1925.0,1925.0,1872.9000244140625,1909.300048828125
2022-05-06,1896.699951171875,1904.300048828125,1853.0,1881.199951171875
2022-05-13,1866.5999755859375,1867.5,1807.4000244140625,1807.4000244140625
2022-05-20,1790.5,1841.800048828125,1787.0,1841.800048828125
2022-05-27,1846.300048828125,1867.0,1840.4000244140625,1851.300048828125
2022-06-03,1850.300048828125,1871.800048828125,1825.300048828125,1845.4000244140625
2022-06-10,1849.0,1875.5999755859375,1823.9000244140625,1871.5
2022-06-17,1873.800048828125,1873.800048828125,1805.300048828125,1835.5999755859375
2022-06-24,1835.300048828125,1842.699951171875,1815.800048828125,1826.5
2022-07-01,1830.5,1830.699951171875,1791.5999755859375,1798.9000244140625
2022-07-08,1805.4000244140625,1805.4000244140625,1732.0999755859375,1740.5999755859375
2022-07-15,1732.5,1736.699951171875,1701.0999755859375,1702.4000244140625
2022-07-22,1712.199951171875,1735.0,1679.800048828125,1727.0999755859375
2022-07-29,1727.0,1765.699951171875,1717.699951171875,1762.9000244140625
2022-08-05,1763.9000244140625,1792.0999755859375,1753.0,1772.9000244140625
2022-08-12,1771.800048828125,1804.9000244140625,1771.800048828125,1798.5999755859375
2022-08-19,1799.0,1799.0,1747.5,1747.5999755859375
2022-08-26,1740.5,1761.800048828125,1726.5,1736.0999755859375
2022-09-02,1732.4000244140625,1741.199951171875,1693.9000244140625,1709.800048828125
2022-09-09,1709.699951171875,1720.0,1694.699951171875,1716.199951171875
2022-09-16,1727.4000244140625,1728.0999755859375,1651.699951171875,1671.699951171875
2022-09-23,1661.800048828125,1680.0999755859375,1645.300048828125,1645.300048828125
2022-09-30,1623.300048828125,1672.699951171875,1620.4000244140625,1662.4000244140625
2022-10-07,1667.199951171875,1728.0,1661.9000244140625,1700.5
2022-10-14,1693.4000244140625,1693.4000244140625,1640.0,1641.699951171875
2022-10-21,1650.199951171875,1657.0,1622.800048828125,1651.0
2022-10-28,1662.699951171875,1667.0,1637.300048828125,1639.5999755859375
2022-11-04,1641.800048828125,1674.5,1615.0999755859375,1672.5
2022-11-11,1676.9000244140625,1766.0,1672.9000244140625,1766.0
2022-11-18,1762.0,1778.9000244140625,1747.5999755859375,1751.9000244140625
2022-11-25,1739.0,1757.9000244140625,1736.0999755859375,1753.300048828125
2022-12-02,1741.300048828125,1803.699951171875,1737.9000244140625,1795.9000244140625
2022-12-09,1795.699951171875,1808.0,1764.300048828125,1798.0999755859375
2022-12-16,1787.300048828125,1819.800048828125,1774.800048828125,1790.0
2022-12-23,1791.5999755859375,1821.4000244140625,1785.0,1795.9000244140625
2022-12-30,1803.4000244140625,1826.300048828125,1803.0999755859375,1819.699951171875
2023-01-06,1836.199951171875,1868.199951171875,1834.800048828125,1864.199951171875
2023-01-13,1867.0,1920.9000244140625,1867.0,1918.4000244140625
2023-01-20,1920.0999755859375,1931.800048828125,1903.0999755859375,1926.4000244140625
2023-01-27,1926.5,1941.199951171875,1915.0,1928.5999755859375
2023-02-03,1928.300048828125,1959.0999755859375,1861.5,1862.9000244140625
2023-02-10,1865.5999755859375,1884.5999755859375,1852.4000244140625,1862.800048828125
2023-02-17,1859.0,1862.0,1818.4000244140625,1840.4000244140625
2023-02-24,1842.5999755859375,1843.0,1808.800048828125,1808.800048828125
2023-03-03,1811.5999755859375,1855.4000244140625,1808.0999755859375,1847.699951171875
2023-03-10,1853.300048828125,1868.5,1811.5,1862.0
2023-03-17,1890.800048828125,1985.0999755859375,1875.0999755859375,1969.800048828125
2023-03-24,1988.300048828125,2003.9000244140625,1938.0,1982.0999755859375
2023-03-31,1957.199951171875,1986.800048828125,1952.4000244140625,1969.0
2023-04-07,1968.0999755859375,2033.800048828125,1950.0,2011.9000244140625
2023-04-14,2000.0,2048.60009765625,1984.0,2002.199951171875
2023-04-21,2002.699951171875,2007.5999755859375,1969.800048828125,1979.5
2023-04-28,1981.300048828125,2002.300048828125,1977.4000244140625,1990.0999755859375
2023-05-05,1980.0999755859375,2072.0,1976.9000244140625,2017.4000244140625
2023-05-12,2022.5,2044.300048828125,2014.0,2014.5
2023-05-19,2013.800048828125,2018.0,1956.5,1978.699951171875
2023-05-26,1980.5,1980.5,1943.0999755859375,1944.0999755859375
2023-06-02,1942.699951171875,1983.0,1931.0,1952.4000244140625
2023-06-09,1947.5,1969.800048828125,1937.800048828125,1962.199951171875
2023-06-16,1959.699951171875,1967.5,1926.0,1958.4000244140625
2023-06-23,1958.5999755859375,1958.5999755859375,1912.0999755859375,1919.0999755859375
2023-06-30,1922.9000244140625,1929.4000244140625,1892.5,1921.0999755859375
2023-07-07,1917.9000244140625,1934.0999755859375,1903.199951171875,1926.199951171875
2023-07-14,1923.5999755859375,1961.0999755859375,1912.300048828125,1960.0999755859375
2023-07-21,1954.0,1978.4000244140625,1946.5999755859375,1964.300048828125
2023-07-28,1965.300048828125,1972.0,1944.199951171875,1960.4000244140625
2023-08-04,1959.199951171875,1971.5999755859375,1920.0,1939.5999755859375
2023-08-11,1941.0,1941.0,1911.4000244140625,1912.9000244140625
2023-08-18,1909.300048828125,1912.5999755859375,1884.0,1886.0999755859375
2023-08-25,1893.5999755859375,1920.800048828125,1892.800048828125,1911.0999755859375
2023-09-01,1915.5,1950.0,1915.5,1939.800048828125
2023-09-08,1934.4000244140625,1934.4000244140625,1916.300048828125,1918.4000244140625
2023-09-15,1923.0,1928.300048828125,1903.0,1923.699951171875
2023-09-22,1928.199951171875,1945.5999755859375,1919.199951171875,1925.4000244140625
2023-09-29,1916.5999755859375,1916.5999755859375,1846.0,1848.0999755859375
2023-10-06,1844.0999755859375,1845.9000244140625,1809.4000244140625,1830.199951171875
2023-10-13,1842.5,1930.0999755859375,1842.5,1927.4000244140625
2023-10-20,1910.4000244140625,1988.5999755859375,1910.300048828125,1982.5
2023-10-27,1976.199951171875,1988.5999755859375,1970.300048828125,1988.5999755859375
2023-11-03,2004.0999755859375,2004.0999755859375,1977.800048828125,1991.5
2023-11-10,1981.5999755859375,1981.5999755859375,1932.5999755859375,1932.5999755859375
2023-11-17,1939.9000244140625,1984.0,1934.0,1981.5999755859375
2023-11-24,1978.699951171875,2005.5,1969.699951171875,2002.199951171875
2023-12-01,2011.699951171875,2073.199951171875,2011.699951171875,2071.0
2023-12-08,2075.300048828125,2130.199951171875,1995.0,1998.300048828125
2023-12-15,2004.0999755859375,2043.4000244140625,1975.0,2021.0999755859375
2023-12-22,2024.300048828125,2068.699951171875,2024.0,2057.10009765625
2023-12-29,2060.0,2087.300048828125,2054.199951171875,2062.39990234375
2024-01-05,2063.5,2073.699951171875,2034.199951171875,2042.4000244140625
2024-01-12,2019.0999755859375,2057.0,2014.300048828125,2046.699951171875
2024-01-19,2051.699951171875,2054.800048828125,2002.5999755859375,2026.5
2024-01-26,2021.300048828125,2033.199951171875,2012.0999755859375,2016.800048828125
2024-02-02,2025.199951171875,2064.5,2025.199951171875,2036.0999755859375
2024-02-09,2038.9000244140625,2040.800048828125,2013.800048828125,2023.300048828125
2024-02-16,2025.5,2025.800048828125,1984.800048828125,2011.5
2024-02-23,2015.5999755859375,2038.5999755859375,2014.9000244140625,2038.5999755859375
2024-03-01,2034.0999755859375,2086.89990234375,2024.800048828125,2086.89990234375
2024-03-08,2083.60009765625,2194.89990234375,2080.699951171875,2178.60009765625
2024-03-15,2181.0,2184.0,2157.300048828125,2157.300048828125
2024-03-22,2146.199951171875,2211.60009765625,2146.199951171875,2158.10009765625
2024-03-29,2166.199951171875,2234.10009765625,2166.199951171875,2217.39990234375
2024-04-05,2235.699951171875,2328.39990234375,2230.0,2325.699951171875
2024-04-12,2325.60009765625,2429.0,2319.0,2356.199951171875
2024-04-19,2362.10009765625,2399.800048828125,2326.0,2398.39990234375
2024-04-26,2383.300048828125,2383.300048828125,2294.199951171875,2334.800048828125
2024-05-03,2334.800048828125,2345.5,2277.60009765625,2299.0
2024-05-10,2322.800048828125,2367.300048828125,2310.699951171875,2367.300048828125
2024-05-17,2358.300048828125,2415.800048828125,2336.0,2412.199951171875
2024-05-24,2415.800048828125,2435.800048828125,2332.5,2332.5
2024-05-31,2336.89990234375,2359.699951171875,2319.0,2322.89990234375
2024-06-07,2322.60009765625,2385.10009765625,2285.39990234375,2305.199951171875
2024-06-14,2290.60009765625,2338.699951171875,2290.5,2331.39990234375
2024-06-21,2320.199951171875,2354.0,2309.60009765625,2316.39990234375
2024-06-28,2323.300048828125,2338.300048828125,2295.0,2327.699951171875
2024-07-05,2323.800048828125,2388.5,2321.699951171875,2388.5
2024-07-12,2381.699951171875,2416.699951171875,2352.800048828125,2414.0
2024-07-19,2430.0,2473.10009765625,2395.5,2395.5
2024-07-26,2402.10009765625,2421.0,2351.89990234375,2380.0
2024-08-02,2377.300048828125,2477.0,2373.800048828125,2425.699951171875
2024-08-09,2442.0,2449.800048828125,2367.39990234375,2432.10009765625
2024-08-16,2432.699951171875,2508.0,2431.199951171875,2498.60009765625
2024-08-23,2508.5,2527.300048828125,2471.10009765625,2508.39990234375
2024-08-30,2509.89990234375,2525.699951171875,2493.800048828125,2493.800048828125
2024-09-06,2501.60009765625,2517.89990234375,2476.300048828125,2493.5
2024-09-13,2491.300048828125,2581.800048828125,2491.300048828125,2581.300048828125
2024-09-20,2580.39990234375,2621.800048828125,2549.199951171875,2619.89990234375
2024-09-27,2626.5,2672.10009765625,2625.5,2644.300048828125
2024-10-04,2660.89990234375,2670.89990234375,2623.199951171875,2645.800048828125
2024-10-11,2648.699951171875,2658.10009765625,2602.5,2657.60009765625
2024-10-18,2655.0,2719.60009765625,2647.800048828125,2713.699951171875
2024-10-25,2721.89990234375,2746.0,2714.199951171875,2740.89990234375
2024-11-01,2736.10009765625,2789.0,2729.5,2738.60009765625
2024-11-08,2736.5,2743.89990234375,2659.39990234375,2687.5
2024-11-15,2671.699951171875,2671.699951171875,2554.199951171875,2565.699951171875
2024-11-22,2591.699951171875,2710.5,2589.39990234375,2709.89990234375
2024-11-29,2689.39990234375,2689.39990234375,2616.800048828125,2657.0
2024-12-06,2649.0,2658.300048828125,2617.5,2638.60009765625
2024-12-13,2632.10009765625,2733.800048828125,2630.800048828125,2656.0
2024-12-20,2658.300048828125,2663.300048828125,2582.10009765625,2628.699951171875
2024-12-27,2620.0,2638.800048828125,2609.5,2617.199951171875
2025-01-03,2620.699951171875,2663.10009765625,2597.0,2645.0
2025-01-10,2645.5,2720.10009765625,2617.300048828125,2708.5
2025-01-17,2711.10009765625,2751.60009765625,2670.800048828125,2744.300048828125
2025-01-24,2746.0,2792.0,2724.800048828125,2777.300048828125
2025-01-31,2761.10009765625,2838.0,2737.5,2812.5
2025-02-07,2818.199951171875,2889.5,2780.89990234375,2867.300048828125
2025-02-14,2864.199951171875,2945.39990234375,2863.800048828125,2883.60009765625
2025-02-21,2879.199951171875,2955.800048828125,2873.800048828125,2937.60009765625
2025-02-28,2933.10009765625,2957.89990234375,2834.10009765625,2836.800048828125
2025-03-07,2872.699951171875,2927.89990234375,2863.39990234375,2904.699951171875
2025-03-14,2910.10009765625,3004.800048828125,2880.199951171875,2994.5
2025-03-21,2991.0,3050.89990234375,2989.0,3018.199951171875
2025-03-28,3024.300048828125,3094.89990234375,3006.0,3086.5
2025-04-04,3091.0,3168.60009765625,3011.0,3012.0
2025-04-11,3016.39990234375,3235.0,2949.699951171875,3222.199951171875
2025-04-18,3215.5,3345.0,3194.5,3308.699951171875
2025-04-25,3342.199951171875,3485.60009765625,3256.199951171875,3282.39990234375
2025-05-02,3284.5,3340.0,3198.60009765625,3231.89990234375
2025-05-09,3242.699951171875,3430.89990234375,3239.699951171875,3335.39990234375
2025-05-16,3300.699951171875,3300.699951171875,3125.0,3182.0
2025-05-23,3234.39990234375,3363.60009765625,3207.5,3363.60009765625
2025-05-30,3332.5,3341.0,3242.39990234375,3288.89990234375
2025-06-06,3296.89990234375,3400.0,3296.89990234375,3322.699951171875
2025-06-13,3315.60009765625,3444.0,3290.0,3431.199951171875
2025-06-20,3442.0,3442.0,3341.0,3368.10009765625
2025-06-27,3365.89990234375,3387.89990234375,3253.800048828125,3273.699951171875
2025-07-04,3265.89990234375,3362.0,3262.0,3332.5
2025-07-11,3305.5,3370.0,3282.0,3356.0
2025-07-18,3367.0,3375.5,3313.800048828125,3353.0
2025-07-25,3350.300048828125,3441.0,3326.5,3334.0
2025-08-01,3326.60009765625,3360.60009765625,3263.89990234375,3347.699951171875
2025-08-08,3367.60009765625,3477.0,3347.39990234375,3439.10009765625
2025-08-15,3383.89990234375,3383.89990234375,3328.89990234375,3336.0
2025-08-22,3333.5,3377.699951171875,3310.10009765625,3374.39990234375
2025-08-29,3366.0,3475.60009765625,3366.0,3473.699951171875
2025-09-05,3485.699951171875,3613.199951171875,3485.699951171875,3613.199951171875
2025-09-12,3594.5,3670.39990234375,3590.0,3649.39990234375
2025-09-19,3640.0,3698.60009765625,3635.10009765625,3671.5
2025-09-26,3688.199951171875,3786.0,3688.0,3775.300048828125
2025-10-03,3754.800048828125,3891.89990234375,3754.800048828125,3880.800048828125
2025-10-10,3931.300048828125,4049.199951171875,3926.800048828125,3975.89990234375
2025-10-17,4016.0,4358.0,4016.0,4189.89990234375
2025-10-24,4244.10009765625,4356.60009765625,4006.0,4118.39990234375
2025-10-31,4060.0,4078.60009765625,3913.699951171875,3982.199951171875
2025-11-07,3976.199951171875,4020.0,3927.39990234375,3999.39990234375
2025-11-14,4060.0,4228.7001953125,4047.0,4087.60009765625
2025-11-21,4070.0,4122.7001953125,4019.39990234375,4076.699951171875
2025-11-28,4060.5,4223.89990234375,4060.5,4218.2998046875
2025-12-05,4218.5,4262.10009765625,4167.0,4212.89990234375
2025-12-12,4205.5,4355.0,4175.5,4300.10009765625
2025-12-19,4308.2998046875,4361.39990234375,4270.5,4361.39990234375
2025-12-26,4371.10009765625,4556.2998046875,4371.10009765625,4529.10009765625
2026-01-02,4371.5,4403.60009765625,4285.0,4314.39990234375
2026-01-09,4386.7001953125,4490.2998046875,4384.7998046875,4490.2998046875
2026-01-16,4579.10009765625,4635.0,4577.7998046875,4588.39990234375
2026-01-23,4662.2001953125,4976.2001953125,4661.7998046875,4976.2001953125
2026-01-30,5081.5,5586.2001953125,4700.0,4713.89990234375
2026-02-06,4807.7001953125,5082.2001953125,4400.0,4951.2001953125
2026-02-13,5017.39990234375,5111.2998046875,4892.0,5022.0
2026-02-20,5020.0,5072.7001953125,4847.7998046875,5059.2998046875
2026-02-27,5120.2998046875,5280.0,5112.7001953125,5230.5
2026-03-06,5346.60009765625,5405.0,5023.0,5146.10009765625
2026-03-13,5155.0,5229.7001953125,5009.5,5052.5
2026-03-20,5001.60009765625,5017.60009765625,4554.0,4570.39990234375
2026-03-27,4353.0,4480.39990234375,4100.7998046875,4355.39990234375
