region,price_per_m2,segment,source,url,pub_date,context
Ha Noi,123000000,apartment,Dantri BDS,https://dantri.com.vn/bat-dong-san/du-no-kinh-doanh-bat-dong-san-vuot-25-trieu-ty-dong-20260822144250909.htm,2026-08-22T15:04:23,"dựng: Giá chung cư đã giảm, ở Hà Nội trung bình 123 triệu/m2 5 tính năng máy giặt cực tiện"
Ha Noi,123000000,apartment,Dantri BDS,https://dantri.com.vn/bat-dong-san/ha-noi-vao-cuoc-vu-chung-cu-hanoi-homeland-bi-nut-sut-lun-20260822113134681.htm,2026-08-22T13:00:59,"dựng: Giá chung cư đã giảm, ở Hà Nội trung bình 123 triệu/m2 5 tính năng máy giặt cực tiện"
Ha Noi,123000000,apartment,Dantri BDS,https://dantri.com.vn/bat-dong-san/cham-tien-do-du-an-nha-o-xa-hoi-chung-cu-phu-tai-loc-bi-phat-85-trieu-dong-20260821183824189.htm,2026-08-21T22:04:05,"dựng: Giá chung cư đã giảm, ở Hà Nội trung bình 123 triệu/m2 5 tính năng máy giặt cực tiện"
National,40000000,land,Dantri BDS,https://dantri.com.vn/bat-dong-san/bo-xay-dung-gia-dat-nen-giam-binh-quan-40-trieu-dongm2-20260821181625413.htm,2026-08-21T18:19:57,"này.\n· Giá đất nền bình quân cả nước giảm 2,5%, còn khoảng 40 triệu đồng/m2.\n· Thị trường đang điều chỉn"
Ho Chi Minh,66000000,mixed,Dantri BDS,https://dantri.com.vn/bat-dong-san/bo-xay-dung-gia-dat-nen-giam-binh-quan-40-trieu-dongm2-20260821181625413.htm,2026-08-21T18:19:57,"hoảng 40 triệu đồng/m2; riêng TPHCM giảm gần 3%, còn khoảng 66 triệu đồng/m2. Đáng chú ý, giá chuyển nhượn"
Ha Noi,56000000,land,Dantri BDS,https://dantri.com.vn/bat-dong-san/bo-xay-dung-gia-dat-nen-giam-binh-quan-40-trieu-dongm2-20260821181625413.htm,2026-08-21T18:19:57,"ều khu vực vẫn ở mức cao. Tại Hà Nội, đất nền Khu đô thị Cienco 5 Mê Linh được ghi nhận khoảng 40-56 triệu đồng/m2, Khu đô thị Minh Giang Đầm Và"
Ho Chi Minh,150000000,mixed,Dantri BDS,https://dantri.com.vn/bat-dong-san/bo-xay-dung-gia-dat-nen-giam-binh-quan-40-trieu-dongm2-20260821181625413.htm,2026-08-21T18:19:57,"ng 105-160 triệu đồng/m2. Tại TPHCM, Vạn Phúc City có giá khoảng 100-150 triệu đồng/m2, Rio Vista 95-110 triệu đồng/"
Da Nang,70000000,mixed,Dantri BDS,https://dantri.com.vn/bat-dong-san/bo-xay-dung-gia-dat-nen-giam-binh-quan-40-trieu-dongm2-20260821181625413.htm,2026-08-21T18:19:57,"ổn định, như Nam Hòa Xuân tại Đà Nẵng khoảng 66-70 triệu đồng/m2, Izumi City tại Đồng Nai 57-6"
Dong Nai,61000000,mixed,Dantri BDS,https://dantri.com.vn/bat-dong-san/bo-xay-dung-gia-dat-nen-giam-binh-quan-40-trieu-dongm2-20260821181625413.htm,2026-08-21T18:19:57,"triệu đồng/m2, Izumi City tại Đồng Nai 57-61 triệu đồng/m2. Bộ Xây dựng đánh giá thị trư"
Ha Noi,440000000,mixed,Dantri BDS,https://dantri.com.vn/bat-dong-san/bo-xay-dung-gia-dat-nen-giam-binh-quan-40-trieu-dongm2-20260821181625413.htm,2026-08-21T18:19:57,"iá tuyệt đối vẫn rất cao. Tại Hà Nội, Sunshine Riverside được ghi nhận khoảng 390-440 triệu đồng/m2, The Zei khoảng 375-380 triệu"
Ho Chi Minh,371000000,mixed,Dantri BDS,https://dantri.com.vn/bat-dong-san/bo-xay-dung-gia-dat-nen-giam-binh-quan-40-trieu-dongm2-20260821181625413.htm,2026-08-21T18:19:57,"ng 285-292 triệu đồng/m2. Tại TPHCM, The Global City có giá khoảng 360-371 triệu đồng/m2, Saigon Mystery Villas 312-32"
Ha Noi,123000000,apartment,Dantri BDS,https://dantri.com.vn/bat-dong-san/bo-xay-dung-gia-dat-nen-giam-binh-quan-40-trieu-dongm2-20260821181625413.htm,2026-08-21T18:19:57,"dựng: Giá chung cư đã giảm, ở Hà Nội trung bình 123 triệu/m2 5 tính năng máy giặt cực tiện"
Ha Noi,123000000,apartment,Dantri BDS,https://dantri.com.vn/bat-dong-san/de-an-1-trieu-can-nha-o-xa-hoi-dat-77-cach-nao-khoi-thong-nguon-cung-20260821120859228.htm,2026-08-21T12:15:10,"dựng: Giá chung cư đã giảm, ở Hà Nội trung bình 123 triệu/m2 5 tính năng máy giặt cực tiện"
Ha Noi,123000000,apartment,Dantri BDS,https://dantri.com.vn/bat-dong-san/bo-xay-dung-gia-chung-cu-da-giam-o-ha-noi-trung-binh-123-trieum2-20260821111147868.htm,2026-08-21T11:15:48,"dựng: Giá chung cư đã giảm, ở Hà Nội trung bình 123 triệu/m2 (Dân trí) - Giá chung cư thứ "
Ho Chi Minh,108000000,apartment,Dantri BDS,https://dantri.com.vn/bat-dong-san/bo-xay-dung-gia-chung-cu-da-giam-o-ha-noi-trung-binh-123-trieum2-20260821111147868.htm,2026-08-21T11:15:48,"uân khoảng 123 triệu đồng/m2, TPHCM khoảng 108 triệu đồng/m2 và Hưng Yên khoảng 69 triệu đ"
Ha Noi,140000000,apartment,Dantri BDS,https://dantri.com.vn/bat-dong-san/bo-xay-dung-gia-chung-cu-da-giam-o-ha-noi-trung-binh-123-trieum2-20260821111147868.htm,2026-08-21T11:15:48,"thanh khoản cũng đi xuống Tại Hà Nội, Bộ Xây dựng dẫn giá một số dự án như Hateco Laroma khoảng 133-140 triệu đồng/m2, Bamboo Airways Tower 97-103 "
Ho Chi Minh,120000000,mixed,Dantri BDS,https://dantri.com.vn/bat-dong-san/bo-xay-dung-gia-chung-cu-da-giam-o-ha-noi-trung-binh-123-trieum2-20260821111147868.htm,2026-08-21T11:15:48,"n khoảng 80-87 triệu đồng/m2. TPHCM cũng ghi nhận nhiều dự án duy trì mức giá cao, như Masteri Thảo Điền khoảng 114-120 triệu đồng/m2, Cantavil An Phú 80-89 triệu "
National,40000000,land,Dantri BDS,https://dantri.com.vn/bat-dong-san/bo-xay-dung-gia-chung-cu-da-giam-o-ha-noi-trung-binh-123-trieum2-20260821111147868.htm,2026-08-21T11:15:48,"ao bán đất nền bình quân trên cả nước giảm khoảng 2,5%, xuống khoảng 40 triệu đồng/m2. Tại TPHCM, mức giảm gần 3%, "
Ho Chi Minh,66000000,mixed,Dantri BDS,https://dantri.com.vn/bat-dong-san/bo-xay-dung-gia-chung-cu-da-giam-o-ha-noi-trung-binh-123-trieum2-20260821111147868.htm,2026-08-21T11:15:48," khoảng 40 triệu đồng/m2. Tại TPHCM, mức giảm gần 3%, còn khoảng 66 triệu đồng/m2. Giá chuyển nhượng tại nhiều "
Ha Noi,123000000,apartment,Dantri BDS,https://dantri.com.vn/bat-dong-san/xuat-hien-can-ho-gia-tu-870-trieu-dong-o-ha-noi-20260821094639016.htm,2026-08-21T09:56:39,"dựng: Giá chung cư đã giảm, ở Hà Nội trung bình 123 triệu/m2 5 tính năng máy giặt cực tiện"
Ha Noi,123000000,apartment,Dantri BDS,https://dantri.com.vn/bat-dong-san/nhat-ban-can-ho-moi-tai-trung-tam-tokyo-co-gia-trung-binh-17-trieu-usd-20260821091632761.htm,2026-08-21T09:21:44,"dựng: Giá chung cư đã giảm, ở Hà Nội trung bình 123 triệu/m2 5 tính năng máy giặt cực tiện"
Ha Noi,123000000,apartment,Dantri BDS,https://dantri.com.vn/bat-dong-san/de-an-1-trieu-can-nha-o-xa-hoi-da-hoan-thanh-toi-dau-20260820200937659.htm,2026-08-20T20:56:47,"dựng: Giá chung cư đã giảm, ở Hà Nội trung bình 123 triệu/m2 5 tính năng máy giặt cực tiện"
Ha Noi,123000000,apartment,Dantri BDS,https://dantri.com.vn/bat-dong-san/ca-mau-cho-thue-loat-tru-so-doi-du-gia-thap-nhat-chi-hon-1200-dongm2-20260820173734672.htm,2026-08-20T20:15:22,"dựng: Giá chung cư đã giảm, ở Hà Nội trung bình 123 triệu/m2 5 tính năng máy giặt cực tiện"
Ha Noi,123000000,apartment,Dantri BDS,https://dantri.com.vn/bat-dong-san/ha-noi-giao-hon-10000m2-dat-kdt-linh-dam-xay-nha-o-cho-luc-luong-cong-an-20260820121309913.htm,2026-08-20T13:05:33,"dựng: Giá chung cư đã giảm, ở Hà Nội trung bình 123 triệu/m2 5 tính năng máy giặt cực tiện"
Ho Chi Minh,120000000,mixed,Dantri BDS,https://dantri.com.vn/bat-dong-san/can-ho-trung-tam-tphcm-dang-dat-do-den-dau-20260819160903160.htm,2026-08-19T17:16:24,ỷ đồng/m2. Đa số căn hộ mới ở TPHCM có giá trên 120 triệu đồng/m2 Căn hộ TPHCM tăng nguồn cung 
Ha Noi,123000000,apartment,Dantri BDS,https://dantri.com.vn/bat-dong-san/can-ho-trung-tam-tphcm-dang-dat-do-den-dau-20260819160903160.htm,2026-08-19T17:16:24,"dựng: Giá chung cư đã giảm, ở Hà Nội trung bình 123 triệu/m2 5 tính năng máy giặt cực tiện"
Ho Chi Minh,484000000,mixed,Dantri BDS,https://dantri.com.vn/bat-dong-san/gia-boi-thuong-dat-khu-ma-lang-cao-nhat-gan-500-trieu-dongm2-20260819102935449.htm,2026-08-19T11:30:00," án chỉnh trang khu Mả Lạng ở TPHCM cao nhất là 484 triệu đồng/m2, áp dụng với đất ở đô thị vị "
Ho Chi Minh,600000000,mixed,Dantri BDS,https://dantri.com.vn/bat-dong-san/gia-boi-thuong-dat-khu-ma-lang-cao-nhat-gan-500-trieu-dongm2-20260819102935449.htm,2026-08-19T11:30:00,Bồi thường đất Chợ Gà - Gạo ở TPHCM có thể hơn 600 triệu đồng/m2 Theo phương án đang được phườ
Ho Chi Minh,61000000,mixed,Dantri BDS,https://dantri.com.vn/bat-dong-san/gia-boi-thuong-dat-khu-ma-lang-cao-nhat-gan-500-trieu-dongm2-20260819102935449.htm,2026-08-19T11:30:00,"hành - Cần Giờ tại xã Nhà Bè, TPHCM, cao nhất lên tới 61 triệu đồng/m2, mức thấp nhất là hơn 31,2 tr"
Ha Noi,123000000,apartment,Dantri BDS,https://dantri.com.vn/bat-dong-san/gia-boi-thuong-dat-khu-ma-lang-cao-nhat-gan-500-trieu-dongm2-20260819102935449.htm,2026-08-19T11:30:00,"dựng: Giá chung cư đã giảm, ở Hà Nội trung bình 123 triệu/m2 5 tính năng máy giặt cực tiện"
Ho Chi Minh,500000000,mixed,Dantri BDS,https://dantri.com.vn/bat-dong-san/bat-dong-san-trung-tam-tphcm-xuat-hien-du-an-can-ho-co-gia-1-ty-dongm2-20260818203838302.htm,2026-08-18T21:27:42,ất động sản tại lõi trung tâm TPHCM hiện tối thiểu 200-500 triệu đồng/m2.&nbsp;Mặt bằng giá này khiến 
Ha Noi,123000000,apartment,Dantri BDS,https://dantri.com.vn/bat-dong-san/bat-dong-san-trung-tam-tphcm-xuat-hien-du-an-can-ho-co-gia-1-ty-dongm2-20260818203838302.htm,2026-08-18T21:27:42,"dựng: Giá chung cư đã giảm, ở Hà Nội trung bình 123 triệu/m2 5 tính năng máy giặt cực tiện"
Ha Noi,123000000,apartment,Dantri BDS,https://dantri.com.vn/bat-dong-san/gia-khoi-diem-cua-lo-dat-vang-10000m2-tai-thu-thiem-gan-3000-ty-dong-20260818151433110.htm,2026-08-18T16:09:37,"dựng: Giá chung cư đã giảm, ở Hà Nội trung bình 123 triệu/m2 5 tính năng máy giặt cực tiện"
Ha Noi,123000000,apartment,Dantri BDS,https://dantri.com.vn/bat-dong-san/so-huu-diamond-sky-thua-huong-he-sinh-thai-3-ty-usd-20260817104519717.htm,2026-08-20T08:00:00,"dựng: Giá chung cư đã giảm, ở Hà Nội trung bình 123 triệu/m2 5 tính năng máy giặt cực tiện"
Ha Noi,60000000,apartment,Dantri BDS,https://dantri.com.vn/bat-dong-san/nhieu-can-ho-duoi-3-ty-dong-duoc-rao-ban-nguoi-mua-nghe-ngong-20260818105002789.htm,2026-08-18T11:40:44,hông nhượng bộ. CBRE cho biết Hà Nội không còn chung cư mới nào dưới 60 triệu đồng/m2; hai nhóm chiếm tỷ trọng lớn 
Ho Chi Minh,120000000,mixed,Dantri BDS,https://dantri.com.vn/bat-dong-san/nhieu-can-ho-duoi-3-ty-dong-duoc-rao-ban-nguoi-mua-nghe-ngong-20260818105002789.htm,2026-08-18T11:40:44, một chút. Đa số căn hộ mới ở TPHCM có giá trên 120 triệu đồng/m2 Căn hộ TPHCM tăng nguồn cung 
Ha Noi,123000000,apartment,Dantri BDS,https://dantri.com.vn/bat-dong-san/nhieu-can-ho-duoi-3-ty-dong-duoc-rao-ban-nguoi-mua-nghe-ngong-20260818105002789.htm,2026-08-18T11:40:44,"dựng: Giá chung cư đã giảm, ở Hà Nội trung bình 123 triệu/m2 3. 5 tính năng máy giặt cực t"
Ha Noi,123000000,apartment,Dantri BDS,https://dantri.com.vn/bat-dong-san/vng-muon-chi-480-ty-dong-mua-doanh-nghiep-co-khu-dat-hon-25000m2-tai-tphcm-20260818074350705.htm,2026-08-18T08:23:36,"dựng: Giá chung cư đã giảm, ở Hà Nội trung bình 123 triệu/m2 5 tính năng máy giặt cực tiện"
Ha Noi,123000000,apartment,Dantri BDS,https://dantri.com.vn/bat-dong-san/dau-gia-lo-dat-vang-6446m2-o-thu-thiem-khoi-diem-hon-1900-ty-dong-20260817113054609.htm,2026-08-17T12:00:00,"dựng: Giá chung cư đã giảm, ở Hà Nội trung bình 123 triệu/m2 5 tính năng máy giặt cực tiện"
Ha Noi,123000000,apartment,Dantri BDS,https://dantri.com.vn/bat-dong-san/co-6-ty-dong-nen-mua-nha-hay-gui-ngan-hang-lay-lai-45-trieu-dongthang-20260816133641522.htm,2026-08-16T14:20:24,"dựng: Giá chung cư đã giảm, ở Hà Nội trung bình 123 triệu/m2 5 tính năng máy giặt cực tiện"
Ha Noi,191100000,mixed,Dantri BDS,https://dantri.com.vn/bat-dong-san/gia-dat-quanh-khach-san-kim-lien-gay-soc-co-noi-rao-hon-1-ty-dongm2-20260816121535841.htm,2026-08-16T12:31:03," cứ so sánh, bảng giá đất của Hà Nội áp dụng cho phố Đào Duy Anh xác định giá đất ở vị trí 1 là 191,1 triệu đồng/m2. Các vị trí tiếp theo lần lượ"
Ha Noi,123000000,apartment,Dantri BDS,https://dantri.com.vn/bat-dong-san/gia-dat-quanh-khach-san-kim-lien-gay-soc-co-noi-rao-hon-1-ty-dongm2-20260816121535841.htm,2026-08-16T12:31:03,"dựng: Giá chung cư đã giảm, ở Hà Nội trung bình 123 triệu/m2 5 tính năng máy giặt cực tiện"
Ha Noi,123000000,apartment,Dantri BDS,https://dantri.com.vn/bat-dong-san/nguoi-nuoc-ngoai-mua-hon-67000-can-nha-o-my-trong-1-nam-20260816110315080.htm,2026-08-16T11:54:00,"dựng: Giá chung cư đã giảm, ở Hà Nội trung bình 123 triệu/m2 5 tính năng máy giặt cực tiện"
Ho Chi Minh,61000000,mixed,Dantri BDS,https://dantri.com.vn/bat-dong-san/muc-boi-thuong-dat-du-an-metro-ben-thanh-can-gio-cao-nhat-61-trieu-dongm2-20260815171018962.htm,2026-08-15T18:02:54,"hành - Cần Giờ tại xã Nhà Bè, TPHCM, cao nhất lên tới 61 triệu đồng/m2, mức thấp nhất là hơn 31,2 tr"
Ha Noi,123000000,apartment,Dantri BDS,https://dantri.com.vn/bat-dong-san/muc-boi-thuong-dat-du-an-metro-ben-thanh-can-gio-cao-nhat-61-trieu-dongm2-20260815171018962.htm,2026-08-15T18:02:54,"dựng: Giá chung cư đã giảm, ở Hà Nội trung bình 123 triệu/m2 5 tính năng máy giặt cực tiện"
Ha Noi,123000000,apartment,Dantri BDS,https://dantri.com.vn/bat-dong-san/batdongsancomvn-20-nam-dong-hanh-nguoi-viet-tim-nha-20260816172103013.htm,2026-08-17T08:00:00,"dựng: Giá chung cư đã giảm, ở Hà Nội trung bình 123 triệu/m2 3. 5 tính năng máy giặt cực t"
Ha Noi,123000000,apartment,Bo Xay dung Q2-2026,https://dantri.com.vn/bat-dong-san/bo-xay-dung-gia-chung-cu-da-giam-o-ha-noi-trung-binh-123-trieum2-20260821111147868.htm,2026-08-21T00:00:00,"dựng: Giá chung cư đã giảm, ở Hà Nội trung bình 123 triệu/m2 | Báo Dân trí {""@context"":""ht"
Ho Chi Minh,108000000,apartment,Bo Xay dung Q2-2026,https://dantri.com.vn/bat-dong-san/bo-xay-dung-gia-chung-cu-da-giam-o-ha-noi-trung-binh-123-trieum2-20260821111147868.htm,2026-08-21T00:00:00,"uân khoảng 123 triệu đồng/m2, TPHCM khoảng 108 triệu đồng/m2 và Hưng Yên khoảng 69 triệu đ"
Ha Noi,140000000,apartment,Bo Xay dung Q2-2026,https://dantri.com.vn/bat-dong-san/bo-xay-dung-gia-chung-cu-da-giam-o-ha-noi-trung-binh-123-trieum2-20260821111147868.htm,2026-08-21T00:00:00,"thanh khoản cũng đi xuống Tại Hà Nội, Bộ Xây dựng dẫn giá một số dự án như Hateco Laroma khoảng 133-140 triệu đồng/m2, Bamboo Airways Tower 97-103 "
Ho Chi Minh,120000000,mixed,Bo Xay dung Q2-2026,https://dantri.com.vn/bat-dong-san/bo-xay-dung-gia-chung-cu-da-giam-o-ha-noi-trung-binh-123-trieum2-20260821111147868.htm,2026-08-21T00:00:00,"n khoảng 80-87 triệu đồng/m2. TPHCM cũng ghi nhận nhiều dự án duy trì mức giá cao, như Masteri Thảo Điền khoảng 114-120 triệu đồng/m2, Cantavil An Phú 80-89 triệu "
National,40000000,land,Bo Xay dung Q2-2026,https://dantri.com.vn/bat-dong-san/bo-xay-dung-gia-chung-cu-da-giam-o-ha-noi-trung-binh-123-trieum2-20260821111147868.htm,2026-08-21T00:00:00,"ao bán đất nền bình quân trên cả nước giảm khoảng 2,5%, xuống khoảng 40 triệu đồng/m2. Tại TPHCM, mức giảm gần 3%, "
Ho Chi Minh,66000000,mixed,Bo Xay dung Q2-2026,https://dantri.com.vn/bat-dong-san/bo-xay-dung-gia-chung-cu-da-giam-o-ha-noi-trung-binh-123-trieum2-20260821111147868.htm,2026-08-21T00:00:00," khoảng 40 triệu đồng/m2. Tại TPHCM, mức giảm gần 3%, còn khoảng 66 triệu đồng/m2. Giá chuyển nhượng tại nhiều "
